Workbook

Sheet Cara
A1: Langkah Pengerjaan (NB: Bagi yang sebelumnya sudah sempat mengerjakan dan hasilnya masih X, bisa di copy paste rumusnya kesini ya, jika secara rumus benar maka akan mendapatkan hasil yang benar juga, mohon maaf atas ketidaknyamanannya)
A2: 1 | B2: Isi sheet Helper dengan nilai yang valid (ada nilai valid apa di kolom Jurusan)
A3: 2 | B3: Cek apakah ada data invalid dari sheet Main berdasarkan kamus yang ada di sheet Helper, jika ada silahkan ditandai dengan lingkaran
A4: 3 | B4: Jawab pertanyaan nomor 1-3 dari sheet Soal
A5: 4 | B5: Perbaiki data yang invalid sehingga semua data dari sheet Main menjadi valid (berdasarkan sheet Helper)
A6: 5 | B6: Buat 3 grafik dengan contoh seperti ini
A18: 6 | B18: Jawab pertanyaan nomor 4-6 dari sheet Soal
A19: 7 | B19: Buat ID Mahasiswa dari Sheet Main berdasarkan Kode Jurusan + Nomor mereka
B20: Contoh
B21: Nomor | C21: Jurusan | D21: ID Mahasiswa
B22: 1 | C22: Matematika | D22: A0001
B23: 10 | C23: Fisika | D23: B0010
B24: 100 | C24: Kimia | D24: C0100
B25: 1000 | C25: Biologi | D25: D1000
B26: 98 | C26: Statistika | D26: E0098
B27: 908 | C27: Aktuaria | D27: F0908
A28: 8 | B28: Isi kolom Absen dari Sheet Main berdasarkan data dari Sheet Absen
B29: Jika mahasiswa berada di data Absen, isi dengan tanggal dia absen
B30: Jika tidak ada, isi dengan kalimat No
A31: 9 | B31: Jawab pertanyaan nomor 7-9 dari sheet Soal
A32: 10 | B32: Isi kolom Nilai Akhir dengan kriteria berikut
B33: Ujian 1 hingga Ujian 4 | C33: Masing-masing 12.5%
B34: UTS dan UAS | C34: Masing-masing 20%
B35: Tugas | C35: 0.1
B36: Untuk mahasiswa yang pernah absen mengurangi nilai Tugas sebanyak 10
B37: Misal
B38: Tugas | C38: 80
B39: Absen | C39: Yes
B40: Tugas | C40: 80-10= 70
A41: 11 | B41: Isi kolom Nama dari sheet Main berdasarkan data dari sheet Detail
A42: 12 | B42: Jawab pertanyaan nomor 10-12 dari sheet Soal
A43: 13 | B43: Beri Grade berdasarkan kondisi berikut ini
B44: A+ | C44: 90 keatas
B45: A | C45: 80,01 sampai 90
B46: B | C46: 70,01 sampai 80
B47: C | C47: 60,01 sampai 70
B48: D | C48: 40,01 sampai 60
B49: E | C49: 40 dan bawah bawahnya
A50: 14 | B50: Jawab pertanyaan nomor 13-15 dari sheet Soal

Sheet Main
A1: Nomor | B1: ID Mahasiswa | C1: Jurusan | D1: Nama | E1: Ujian 1 | F1: Ujian 2 | G1: UTS | H1: Ujian 3 | I1: Ujian 4 | J1: UAS | K1: Tugas | L1: Absen | M1: Tugas Update | N1: Nilai Akhir | O1: Grade | P1: Tanggal Lahir | Q1: Kota | R1: Tinggi Badan | S1: Berat Badan | T1: Alamat | U1: Golongan Darah | V1: Dosen | W1: Gol darah | X1: kalo pakai xlookup
A2: 16 | B2: =CONCATENATE("A",TEXT(Main!A2,"0000")) -> A0016 | C2: Matematika | D2: =VLOOKUP(B2,Detail!$G$1:$H$1001,2,FALSE) -> Baktiono Kurniawan | E2: 72 | F2: 64 | G2: 79 | H2: 59 | I2: 82 | J2: 88 | K2: 69 | L2: =IFERROR(VLOOKUP(B2,Absen!$A$1:$C$501,2,FALSE),"No") -> 44828 | M2: =IF(L2="no",K2,K2-10)*10% -> 5.9 | N2: =SUM(E2*12.5%,F2*12.5%,H2*12.5%,I2*12.5%,G2*20%,J2*20%,M2) -> 73.925 | O2: =VLOOKUP(N2,Helper!$B$30:$C$35,2,TRUE) -> B | P2: =INDEX(Detail!$A$1:$A$1001,MATCH(B2,Detail!$G$1:$G$1001,0)) -> 37464 | Q2: =INDEX(Detail!$F$1:$F$1001,MATCH(Main!B2,Detail!$G$1:$G$1001,0)) -> Padangpanjang | R2: =INDEX(Detail!$C$1:$C$1001,MATCH(B2,Detail!$G$1:$G$1001,0),1) -> 159 | S2: =INDEX(Detail!$D$1:$D$1001,MATCH(B2,Detail!$G$1:$G$1001,0),1) -> 56 | T2: =INDEX(Detail!$E$1:$E$1001,MATCH(Main!B2,Detail!$G$1:$G$1001,0)) -> Gang Ahmad Dahlan No. 37 | U2: =INDEX(Detail!$B$1:$B$1001,MATCH(B2,Detail!$G$1:$G$1001,0),1) -> O- | V2: {=INDEX(Dosen!$B$3:$E$8,MATCH(Main!C2,Dosen!$A$3:$A$8,0),IF(AND(Main!A2>=1,Main!A2<=250),1,IF(AND(Main!A2>=251,Main!A2<=500),2,IF(AND(Main!A2>=501,Main!A2<=750),3,4))))} -> Bu Dwi | W2: =_xlfn.XLOOKUP(B2,Detail!$G$1:$G$1001,Detail!$B$1:$B$1001) -> O- | X2: =_xlfn.FORMULATEXT(W2) -> =XLOOKUP(B2;Detail!$G$1:$G$1001;Detail!$B$1:$B$1001)
A3: 20 | B3: =CONCATENATE("A",TEXT(Main!A3,"0000")) -> A0020 | C3: Matematika | D3: =VLOOKUP(B3,Detail!$G$1:$H$1001,2,FALSE) -> Halima Marbun | E3: 60 | F3: 69 | G3: 93 | H3: 72 | I3: 60 | J3: 100 | K3: 70 | L3: =IFERROR(VLOOKUP(B3,Absen!$A$1:$C$501,2,FALSE),"No") -> 44762 | M3: =IF(L3="no",K3,K3-10)*10% -> 6 | N3: =SUM(E3*12.5%,F3*12.5%,H3*12.5%,I3*12.5%,G3*20%,J3*20%,M3) -> 77.225 | O3: =VLOOKUP(N3,Helper!$B$30:$C$35,2,TRUE) -> B | P3: =INDEX(Detail!$A$1:$A$1001,MATCH(B3,Detail!$G$1:$G$1001,0)) -> 37957 | Q3: =INDEX(Detail!$F$1:$F$1001,MATCH(Main!B3,Detail!$G$1:$G$1001,0)) -> Palu | R3: =INDEX(Detail!$C$1:$C$1001,MATCH(B3,Detail!$G$1:$G$1001,0),1) -> 160 | S3: =INDEX(Detail!$D$1:$D$1001,MATCH(B3,Detail!$G$1:$G$1001,0),1) -> 73 | T3: =INDEX(Detail!$E$1:$E$1001,MATCH(Main!B3,Detail!$G$1:$G$1001,0)) -> Jl. Gedebage Selatan No. 4 | U3: =INDEX(Detail!$B$1:$B$1001,MATCH(B3,Detail!$G$1:$G$1001,0),1) -> O+ | V3: {=INDEX(Dosen!$B$3:$E$8,MATCH(Main!C3,Dosen!$A$3:$A$8,0),IF(AND(Main!A3>=1,Main!A3<=250),1,IF(AND(Main!A3>=251,Main!A3<=500),2,IF(AND(Main!A3>=501,Main!A3<=750),3,4))))} -> Bu Dwi | W3: =_xlfn.XLOOKUP(B3,Detail!$G$1:$G$1001,Detail!$B$1:$B$1001) -> O+
A4: 22 | B4: =CONCATENATE("A",TEXT(Main!A4,"0000")) -> A0022 | C4: Matematika | D4: =VLOOKUP(B4,Detail!$G$1:$H$1001,2,FALSE) -> Ira Firgantoro | E4: 51 | F4: 42 | G4: 38 | H4: 73 | I4: 63 | J4: 52 | K4: 71 | L4: =IFERROR(VLOOKUP(B4,Absen!$A$1:$C$501,2,FALSE),"No") -> No | M4: =IF(L4="no",K4,K4-10)*10% -> 7.1 | N4: =SUM(E4*12.5%,F4*12.5%,H4*12.5%,I4*12.5%,G4*20%,J4*20%,M4) -> 53.725 | O4: =VLOOKUP(N4,Helper!$B$30:$C$35,2,TRUE) -> D | P4: =INDEX(Detail!$A$1:$A$1001,MATCH(B4,Detail!$G$1:$G$1001,0)) -> 37815 | Q4: =INDEX(Detail!$F$1:$F$1001,MATCH(Main!B4,Detail!$G$1:$G$1001,0)) -> Banjarbaru | R4: =INDEX(Detail!$C$1:$C$1001,MATCH(B4,Detail!$G$1:$G$1001,0),1) -> 173 | S4: =INDEX(Detail!$D$1:$D$1001,MATCH(B4,Detail!$G$1:$G$1001,0),1) -> 86 | T4: =INDEX(Detail!$E$1:$E$1001,MATCH(Main!B4,Detail!$G$1:$G$1001,0)) -> Gg. Kutai No. 02 | U4: =INDEX(Detail!$B$1:$B$1001,MATCH(B4,Detail!$G$1:$G$1001,0),1) -> AB- | V4: {=INDEX(Dosen!$B$3:$E$8,MATCH(Main!C4,Dosen!$A$3:$A$8,0),IF(AND(Main!A4>=1,Main!A4<=250),1,IF(AND(Main!A4>=251,Main!A4<=500),2,IF(AND(Main!A4>=501,Main!A4<=750),3,4))))} -> Bu Dwi | W4: =_xlfn.XLOOKUP(B4,Detail!$G$1:$G$1001,Detail!$B$1:$B$1001) -> AB-
A5: 26 | B5: =CONCATENATE("A",TEXT(Main!A5,"0000")) -> A0026 | C5: Matematika | D5: =VLOOKUP(B5,Detail!$G$1:$H$1001,2,FALSE) -> Samsul Kusmawati | E5: 74 | F5: 57 | G5: 49 | H5: 53 | I5: 70 | J5: 57 | K5: 63 | L5: =IFERROR(VLOOKUP(B5,Absen!$A$1:$C$501,2,FALSE),"No") -> 44811 | M5: =IF(L5="no",K5,K5-10)*10% -> 5.3 | N5: =SUM(E5*12.5%,F5*12.5%,H5*12.5%,I5*12.5%,G5*20%,J5*20%,M5) -> 58.25 | O5: =VLOOKUP(N5,Helper!$B$30:$C$35,2,TRUE) -> D | P5: =INDEX(Detail!$A$1:$A$1001,MATCH(B5,Detail!$G$1:$G$1001,0)) -> 37135 | Q5: =INDEX(Detail!$F$1:$F$1001,MATCH(Main!B5,Detail!$G$1:$G$1001,0)) -> Lubuklinggau | R5: =INDEX(Detail!$C$1:$C$1001,MATCH(B5,Detail!$G$1:$G$1001,0),1) -> 156 | S5: =INDEX(Detail!$D$1:$D$1001,MATCH(B5,Detail!$G$1:$G$1001,0),1) -> 86 | T5: =INDEX(Detail!$E$1:$E$1001,MATCH(Main!B5,Detail!$G$1:$G$1001,0)) -> Gang Otto Iskandardinata No. 1 | U5: =INDEX(Detail!$B$1:$B$1001,MATCH(B5,Detail!$G$1:$G$1001,0),1) -> A+ | V5: {=INDEX(Dosen!$B$3:$E$8,MATCH(Main!C5,Dosen!$A$3:$A$8,0),IF(AND(Main!A5>=1,Main!A5<=250),1,IF(AND(Main!A5>=251,Main!A5<=500),2,IF(AND(Main!A5>=501,Main!A5<=750),3,4))))} -> Bu Dwi | W5: =_xlfn.XLOOKUP(B5,Detail!$G$1:$G$1001,Detail!$B$1:$B$1001) -> A+
A6: 31 | B6: =CONCATENATE("A",TEXT(Main!A6,"0000")) -> A0031 | C6: Matematika | D6: =VLOOKUP(B6,Detail!$G$1:$H$1001,2,FALSE) -> Koko Suartini | E6: 75 | F6: 60 | G6: 55 | H6: 74 | I6: 91 | J6: 65 | K6: 81 | L6: =IFERROR(VLOOKUP(B6,Absen!$A$1:$C$501,2,FALSE),"No") -> No | M6: =IF(L6="no",K6,K6-10)*10% -> 8.1 | N6: =SUM(E6*12.5%,F6*12.5%,H6*12.5%,I6*12.5%,G6*20%,J6*20%,M6) -> 69.6 | O6: =VLOOKUP(N6,Helper!$B$30:$C$35,2,TRUE) -> C | P6: =INDEX(Detail!$A$1:$A$1001,MATCH(B6,Detail!$G$1:$G$1001,0)) -> 38316 | Q6: =INDEX(Detail!$F$1:$F$1001,MATCH(Main!B6,Detail!$G$1:$G$1001,0)) -> Lubuklinggau | R6: =INDEX(Detail!$C$1:$C$1001,MATCH(B6,Detail!$G$1:$G$1001,0),1) -> 175 | S6: =INDEX(Detail!$D$1:$D$1001,MATCH(B6,Detail!$G$1:$G$1001,0),1) -> 87 | T6: =INDEX(Detail!$E$1:$E$1001,MATCH(Main!B6,Detail!$G$1:$G$1001,0)) -> Jl. Moch. Toha No. 97 | U6: =INDEX(Detail!$B$1:$B$1001,MATCH(B6,Detail!$G$1:$G$1001,0),1) -> O+ | V6: {=INDEX(Dosen!$B$3:$E$8,MATCH(Main!C6,Dosen!$A$3:$A$8,0),IF(AND(Main!A6>=1,Main!A6<=250),1,IF(AND(Main!A6>=251,Main!A6<=500),2,IF(AND(Main!A6>=501,Main!A6<=750),3,4))))} -> Bu Dwi | W6: =_xlfn.XLOOKUP(B6,Detail!$G$1:$G$1001,Detail!$B$1:$B$1001) -> O+
A7: 33 | B7: =CONCATENATE("A",TEXT(Main!A7,"0000")) -> A0033 | C7: Matematika | D7: =VLOOKUP(B7,Detail!$G$1:$H$1001,2,FALSE) -> Dalimin Natsir | E7: 73 | F7: 64 | G7: 40 | H7: 61 | I7: 89 | J7: 75 | K7: 65 | L7: =IFERROR(VLOOKUP(B7,Absen!$A$1:$C$501,2,FALSE),"No") -> 44880 | M7: =IF(L7="no",K7,K7-10)*10% -> 5.5 | N7: =SUM(E7*12.5%,F7*12.5%,H7*12.5%,I7*12.5%,G7*20%,J7*20%,M7) -> 64.375 | O7: =VLOOKUP(N7,Helper!$B$30:$C$35,2,TRUE) -> C | P7: =INDEX(Detail!$A$1:$A$1001,MATCH(B7,Detail!$G$1:$G$1001,0)) -> 37644 | Q7: =INDEX(Detail!$F$1:$F$1001,MATCH(Main!B7,Detail!$G$1:$G$1001,0)) -> Padang Sidempuan | R7: =INDEX(Detail!$C$1:$C$1001,MATCH(B7,Detail!$G$1:$G$1001,0),1) -> 174 | S7: =INDEX(Detail!$D$1:$D$1001,MATCH(B7,Detail!$G$1:$G$1001,0),1) -> 86 | T7: =INDEX(Detail!$E$1:$E$1001,MATCH(Main!B7,Detail!$G$1:$G$1001,0)) -> Jalan Jayawijaya No. 91 | U7: =INDEX(Detail!$B$1:$B$1001,MATCH(B7,Detail!$G$1:$G$1001,0),1) -> B- | V7: {=INDEX(Dosen!$B$3:$E$8,MATCH(Main!C7,Dosen!$A$3:$A$8,0),IF(AND(Main!A7>=1,Main!A7<=250),1,IF(AND(Main!A7>=251,Main!A7<=500),2,IF(AND(Main!A7>=501,Main!A7<=750),3,4))))} -> Bu Dwi | W7: =_xlfn.XLOOKUP(B7,Detail!$G$1:$G$1001,Detail!$B$1:$B$1001) -> B-
A8: 34 | B8: =CONCATENATE("A",TEXT(Main!A8,"0000")) -> A0034 | C8: Matematika | D8: =VLOOKUP(B8,Detail!$G$1:$H$1001,2,FALSE) -> Paulin Januar | E8: 58 | F8: 57 | G8: 78 | H8: 55 | I8: 63 | J8: 49 | K8: 94 | L8: =IFERROR(VLOOKUP(B8,Absen!$A$1:$C$501,2,FALSE),"No") -> 44765 | M8: =IF(L8="no",K8,K8-10)*10% -> 8.4 | N8: =SUM(E8*12.5%,F8*12.5%,H8*12.5%,I8*12.5%,G8*20%,J8*20%,M8) -> 62.925 | O8: =VLOOKUP(N8,Helper!$B$30:$C$35,2,TRUE) -> C | P8: =INDEX(Detail!$A$1:$A$1001,MATCH(B8,Detail!$G$1:$G$1001,0)) -> 38456 | Q8: =INDEX(Detail!$F$1:$F$1001,MATCH(Main!B8,Detail!$G$1:$G$1001,0)) -> Kota Administrasi Jakarta Selatan | R8: =INDEX(Detail!$C$1:$C$1001,MATCH(B8,Detail!$G$1:$G$1001,0),1) -> 151 | S8: =INDEX(Detail!$D$1:$D$1001,MATCH(B8,Detail!$G$1:$G$1001,0),1) -> 72 | T8: =INDEX(Detail!$E$1:$E$1001,MATCH(Main!B8,Detail!$G$1:$G$1001,0)) -> Jalan Cikutra Timur No. 51 | U8: =INDEX(Detail!$B$1:$B$1001,MATCH(B8,Detail!$G$1:$G$1001,0),1) -> AB- | V8: {=INDEX(Dosen!$B$3:$E$8,MATCH(Main!C8,Dosen!$A$3:$A$8,0),IF(AND(Main!A8>=1,Main!A8<=250),1,IF(AND(Main!A8>=251,Main!A8<=500),2,IF(AND(Main!A8>=501,Main!A8<=750),3,4))))} -> Bu Dwi | W8: =_xlfn.XLOOKUP(B8,Detail!$G$1:$G$1001,Detail!$B$1:$B$1001) -> AB-
A9: 41 | B9: =CONCATENATE("A",TEXT(Main!A9,"0000")) -> A0041 | C9: Matematika | D9: =VLOOKUP(B9,Detail!$G$1:$H$1001,2,FALSE) -> Gangsa Riyanti | E9: 53 | F9: 48 | G9: 88 | H9: 59 | I9: 90 | J9: 49 | K9: 70 | L9: =IFERROR(VLOOKUP(B9,Absen!$A$1:$C$501,2,FALSE),"No") -> No | M9: =IF(L9="no",K9,K9-10)*10% -> 7 | N9: =SUM(E9*12.5%,F9*12.5%,H9*12.5%,I9*12.5%,G9*20%,J9*20%,M9) -> 65.65 | O9: =VLOOKUP(N9,Helper!$B$30:$C$35,2,TRUE) -> C | P9: =INDEX(Detail!$A$1:$A$1001,MATCH(B9,Detail!$G$1:$G$1001,0)) -> 37504 | Q9: =INDEX(Detail!$F$1:$F$1001,MATCH(Main!B9,Detail!$G$1:$G$1001,0)) -> Kota Administrasi Jakarta Timur | R9: =INDEX(Detail!$C$1:$C$1001,MATCH(B9,Detail!$G$1:$G$1001,0),1) -> 156 | S9: =INDEX(Detail!$D$1:$D$1001,MATCH(B9,Detail!$G$1:$G$1001,0),1) -> 95 | T9: =INDEX(Detail!$E$1:$E$1001,MATCH(Main!B9,Detail!$G$1:$G$1001,0)) -> Gg. M.H Thamrin No. 5 | U9: =INDEX(Detail!$B$1:$B$1001,MATCH(B9,Detail!$G$1:$G$1001,0),1) -> B+ | V9: {=INDEX(Dosen!$B$3:$E$8,MATCH(Main!C9,Dosen!$A$3:$A$8,0),IF(AND(Main!A9>=1,Main!A9<=250),1,IF(AND(Main!A9>=251,Main!A9<=500),2,IF(AND(Main!A9>=501,Main!A9<=750),3,4))))} -> Bu Dwi | W9: =_xlfn.XLOOKUP(B9,Detail!$G$1:$G$1001,Detail!$B$1:$B$1001) -> B+
A10: 51 | B10: =CONCATENATE("A",TEXT(Main!A10,"0000")) -> A0051 | C10: Matematika | D10: =VLOOKUP(B10,Detail!$G$1:$H$1001,2,FALSE) -> Jamalia Zulaika | E10: 65 | F10: 64 | G10: 62 | H10: 54 | I10: 79 | J10: 82 | K10: 76 | L10: =IFERROR(VLOOKUP(B10,Absen!$A$1:$C$501,2,FALSE),"No") -> 44771 | M10: =IF(L10="no",K10,K10-10)*10% -> 6.6 | N10: =SUM(E10*12.5%,F10*12.5%,H10*12.5%,I10*12.5%,G10*20%,J10*20%,M10) -> 68.15 | O10: =VLOOKUP(N10,Helper!$B$30:$C$35,2,TRUE) -> C | P10: =INDEX(Detail!$A$1:$A$1001,MATCH(B10,Detail!$G$1:$G$1001,0)) -> 37719 | Q10: =INDEX(Detail!$F$1:$F$1001,MATCH(Main!B10,Detail!$G$1:$G$1001,0)) -> Tanjungbalai | R10: =INDEX(Detail!$C$1:$C$1001,MATCH(B10,Detail!$G$1:$G$1001,0),1) -> 171 | S10: =INDEX(Detail!$D$1:$D$1001,MATCH(B10,Detail!$G$1:$G$1001,0),1) -> 79 | T10: =INDEX(Detail!$E$1:$E$1001,MATCH(Main!B10,Detail!$G$1:$G$1001,0)) -> Gang Surapati No. 48 | U10: =INDEX(Detail!$B$1:$B$1001,MATCH(B10,Detail!$G$1:$G$1001,0),1) -> O+ | V10: {=INDEX(Dosen!$B$3:$E$8,MATCH(Main!C10,Dosen!$A$3:$A$8,0),IF(AND(Main!A10>=1,Main!A10<=250),1,IF(AND(Main!A10>=251,Main!A10<=500),2,IF(AND(Main!A10>=501,Main!A10<=750),3,4))))} -> Bu Dwi | W10: =_xlfn.XLOOKUP(B10,Detail!$G$1:$G$1001,Detail!$B$1:$B$1001) -> O+
A11: 63 | B11: =CONCATENATE("A",TEXT(Main!A11,"0000")) -> A0063 | C11: Matematika | D11: =VLOOKUP(B11,Detail!$G$1:$H$1001,2,FALSE) -> Salwa Wasita | E11: 74 | F11: 52 | G11: 71 | H11: 59 | I11: 72 | J11: 54 | K11: 79 | L11: =IFERROR(VLOOKUP(B11,Absen!$A$1:$C$501,2,FALSE),"No") -> 44836 | M11: =IF(L11="no",K11,K11-10)*10% -> 6.9 | N11: =SUM(E11*12.5%,F11*12.5%,H11*12.5%,I11*12.5%,G11*20%,J11*20%,M11) -> 64.025 | O11: =VLOOKUP(N11,Helper!$B$30:$C$35,2,TRUE) -> C | P11: =INDEX(Detail!$A$1:$A$1001,MATCH(B11,Detail!$G$1:$G$1001,0)) -> 38293 | Q11: =INDEX(Detail!$F$1:$F$1001,MATCH(Main!B11,Detail!$G$1:$G$1001,0)) -> Salatiga | R11: =INDEX(Detail!$C$1:$C$1001,MATCH(B11,Detail!$G$1:$G$1001,0),1) -> 162 | S11: =INDEX(Detail!$D$1:$D$1001,MATCH(B11,Detail!$G$1:$G$1001,0),1) -> 84 | T11: =INDEX(Detail!$E$1:$E$1001,MATCH(Main!B11,Detail!$G$1:$G$1001,0)) -> Jl. Kiaracondong No. 45 | U11: =INDEX(Detail!$B$1:$B$1001,MATCH(B11,Detail!$G$1:$G$1001,0),1) -> AB+ | V11: {=INDEX(Dosen!$B$3:$E$8,MATCH(Main!C11,Dosen!$A$3:$A$8,0),IF(AND(Main!A11>=1,Main!A11<=250),1,IF(AND(Main!A11>=251,Main!A11<=500),2,IF(AND(Main!A11>=501,Main!A11<=750),3,4))))} -> Bu Dwi | W11: =_xlfn.XLOOKUP(B11,Detail!$G$1:$G$1001,Detail!$B$1:$B$1001) -> AB+
A12: 65 | B12: =CONCATENATE("A",TEXT(Main!A12,"0000")) -> A0065 | C12: Matematika | D12: =VLOOKUP(B12,Detail!$G$1:$H$1001,2,FALSE) -> Ajiman Mulyani | E12: 81 | F12: 41 | G12: 67 | H12: 54 | I12: 95 | J12: 52 | K12: 71 | L12: =IFERROR(VLOOKUP(B12,Absen!$A$1:$C$501,2,FALSE),"No") -> 44852 | M12: =IF(L12="no",K12,K12-10)*10% -> 6.1 | N12: =SUM(E12*12.5%,F12*12.5%,H12*12.5%,I12*12.5%,G12*20%,J12*20%,M12) -> 63.775 | O12: =VLOOKUP(N12,Helper!$B$30:$C$35,2,TRUE) -> C | P12: =INDEX(Detail!$A$1:$A$1001,MATCH(B12,Detail!$G$1:$G$1001,0)) -> 38212 | Q12: =INDEX(Detail!$F$1:$F$1001,MATCH(Main!B12,Detail!$G$1:$G$1001,0)) -> Balikpapan | R12: =INDEX(Detail!$C$1:$C$1001,MATCH(B12,Detail!$G$1:$G$1001,0),1) -> 166 | S12: =INDEX(Detail!$D$1:$D$1001,MATCH(B12,Detail!$G$1:$G$1001,0),1) -> 81 | T12: =INDEX(Detail!$E$1:$E$1001,MATCH(Main!B12,Detail!$G$1:$G$1001,0)) -> Jalan M.T Haryono No. 8 | U12: =INDEX(Detail!$B$1:$B$1001,MATCH(B12,Detail!$G$1:$G$1001,0),1) -> O+ | V12: {=INDEX(Dosen!$B$3:$E$8,MATCH(Main!C12,Dosen!$A$3:$A$8,0),IF(AND(Main!A12>=1,Main!A12<=250),1,IF(AND(Main!A12>=251,Main!A12<=500),2,IF(AND(Main!A12>=501,Main!A12<=750),3,4))))} -> Bu Dwi | W12: =_xlfn.XLOOKUP(B12,Detail!$G$1:$G$1001,Detail!$B$1:$B$1001) -> O+
A13: 83 | B13: =CONCATENATE("A",TEXT(Main!A13,"0000")) -> A0083 | C13: Matematika | D13: =VLOOKUP(B13,Detail!$G$1:$H$1001,2,FALSE) -> Keisha Suryatmi | E13: 58 | F13: 72 | G13: 75 | H13: 60 | I13: 75 | J13: 58 | K13: 93 | L13: =IFERROR(VLOOKUP(B13,Absen!$A$1:$C$501,2,FALSE),"No") -> 44762 | M13: =IF(L13="no",K13,K13-10)*10% -> 8.3 | N13: =SUM(E13*12.5%,F13*12.5%,H13*12.5%,I13*12.5%,G13*20%,J13*20%,M13) -> 68.025 | O13: =VLOOKUP(N13,Helper!$B$30:$C$35,2,TRUE) -> C | P13: =INDEX(Detail!$A$1:$A$1001,MATCH(B13,Detail!$G$1:$G$1001,0)) -> 37240 | Q13: =INDEX(Detail!$F$1:$F$1001,MATCH(Main!B13,Detail!$G$1:$G$1001,0)) -> Bau-Bau | R13: =INDEX(Detail!$C$1:$C$1001,MATCH(B13,Detail!$G$1:$G$1001,0),1) -> 160 | S13: =INDEX(Detail!$D$1:$D$1001,MATCH(B13,Detail!$G$1:$G$1001,0),1) -> 50 | T13: =INDEX(Detail!$E$1:$E$1001,MATCH(Main!B13,Detail!$G$1:$G$1001,0)) -> Jl. Bangka Raya No. 62 | U13: =INDEX(Detail!$B$1:$B$1001,MATCH(B13,Detail!$G$1:$G$1001,0),1) -> AB- | V13: {=INDEX(Dosen!$B$3:$E$8,MATCH(Main!C13,Dosen!$A$3:$A$8,0),IF(AND(Main!A13>=1,Main!A13<=250),1,IF(AND(Main!A13>=251,Main!A13<=500),2,IF(AND(Main!A13>=501,Main!A13<=750),3,4))))} -> Bu Dwi | W13: =_xlfn.XLOOKUP(B13,Detail!$G$1:$G$1001,Detail!$B$1:$B$1001) -> AB-
A14: 84 | B14: =CONCATENATE("A",TEXT(Main!A14,"0000")) -> A0084 | C14: Matematika | D14: =VLOOKUP(B14,Detail!$G$1:$H$1001,2,FALSE) -> Kadir Anggriawan | E14: 86 | F14: 61 | G14: 71 | H14: 59 | I14: 62 | J14: 45 | K14: 84 | L14: =IFERROR(VLOOKUP(B14,Absen!$A$1:$C$501,2,FALSE),"No") -> No | M14: =IF(L14="no",K14,K14-10)*10% -> 8.4 | N14: =SUM(E14*12.5%,F14*12.5%,H14*12.5%,I14*12.5%,G14*20%,J14*20%,M14) -> 65.1 | O14: =VLOOKUP(N14,Helper!$B$30:$C$35,2,TRUE) -> C | P14: =INDEX(Detail!$A$1:$A$1001,MATCH(B14,Detail!$G$1:$G$1001,0)) -> 38089 | Q14: =INDEX(Detail!$F$1:$F$1001,MATCH(Main!B14,Detail!$G$1:$G$1001,0)) -> Makassar | R14: =INDEX(Detail!$C$1:$C$1001,MATCH(B14,Detail!$G$1:$G$1001,0),1) -> 156 | S14: =INDEX(Detail!$D$1:$D$1001,MATCH(B14,Detail!$G$1:$G$1001,0),1) -> 50 | T14: =INDEX(Detail!$E$1:$E$1001,MATCH(Main!B14,Detail!$G$1:$G$1001,0)) -> Gang Waringin No. 6 | U14: =INDEX(Detail!$B$1:$B$1001,MATCH(B14,Detail!$G$1:$G$1001,0),1) -> B- | V14: {=INDEX(Dosen!$B$3:$E$8,MATCH(Main!C14,Dosen!$A$3:$A$8,0),IF(AND(Main!A14>=1,Main!A14<=250),1,IF(AND(Main!A14>=251,Main!A14<=500),2,IF(AND(Main!A14>=501,Main!A14<=750),3,4))))} -> Bu Dwi | W14: =_xlfn.XLOOKUP(B14,Detail!$G$1:$G$1001,Detail!$B$1:$B$1001) -> B-
... A160: 992 | B160: =CONCATENATE("A",TEXT(Main!A160,"0000")) -> A0992 | C160: Matematika | D160: =VLOOKUP(B160,Detail!$G$1:$H$1001,2,FALSE) -> Irfan Nababan | E160: 75 | F160: 56 | G160: 77 | H160: 53 | I160: 80 | J160: 47 | K160: 83 | L160: =IFERROR(VLOOKUP(B160,Absen!$A$1:$C$501,2,FALSE),"No") -> 44862 | M160: =IF(L160="no",K160,K160-10)*10% -> 7.3 | N160: =SUM(E160*12.5%,F160*12.5%,H160*12.5%,I160*12.5%,G160*20%,J160*20%,M160) -> 65.1 | O160: =VLOOKUP(N160,Helper!$B$30:$C$35,2,TRUE) -> C | P160: =INDEX(Detail!$A$1:$A$1001,MATCH(B160,Detail!$G$1:$G$1001,0)) -> 37631 | Q160: =INDEX(Detail!$F$1:$F$1001,MATCH(Main!B160,Detail!$G$1:$G$1001,0)) -> Denpasar | R160: =INDEX(Detail!$C$1:$C$1001,MATCH(B160,Detail!$G$1:$G$1001,0),1) -> 166 | S160: =INDEX(Detail!$D$1:$D$1001,MATCH(B160,Detail!$G$1:$G$1001,0),1) -> 78 | T160: =INDEX(Detail!$E$1:$E$1001,MATCH(Main!B160,Detail!$G$1:$G$1001,0)) -> Gang S. Parman No. 64 | U160: =INDEX(Detail!$B$1:$B$1001,MATCH(B160,Detail!$G$1:$G$1001,0),1) -> B+ | V160: {=INDEX(Dosen!$B$3:$E$8,MATCH(Main!C160,Dosen!$A$3:$A$8,0),IF(AND(Main!A160>=1,Main!A160<=250),1,IF(AND(Main!A160>=251,Main!A160<=500),2,IF(AND(Main!A160>=501,Main!A160<=750),3,4))))} -> Pak Krisna | W160: =_xlfn.XLOOKUP(B160,Detail!$G$1:$G$1001,Detail!$B$1:$B$1001) -> B+
A161: 9 | B161: =CONCATENATE("B",TEXT(A161,"0000")) -> B0009 | C161: Fisika | D161: =VLOOKUP(B161,Detail!$G$1:$H$1001,2,FALSE) -> Dina Wahyudin | E161: 77 | F161: 40 | G161: 95 | H161: 75 | I161: 60 | J161: 81 | K161: 73 | L161: =IFERROR(VLOOKUP(B161,Absen!$A$1:$C$501,2,FALSE),"No") -> 44807 | M161: =IF(L161="no",K161,K161-10)*10% -> 6.3 | N161: =SUM(E161*12.5%,F161*12.5%,H161*12.5%,I161*12.5%,G161*20%,J161*20%,M161) -> 73 | O161: =VLOOKUP(N161,Helper!$B$30:$C$35,2,TRUE) -> B | P161: =INDEX(Detail!$A$1:$A$1001,MATCH(B161,Detail!$G$1:$G$1001,0)) -> 37544 | Q161: =INDEX(Detail!$F$1:$F$1001,MATCH(Main!B161,Detail!$G$1:$G$1001,0)) -> Gorontalo | R161: =INDEX(Detail!$C$1:$C$1001,MATCH(B161,Detail!$G$1:$G$1001,0),1) -> 158 | S161: =INDEX(Detail!$D$1:$D$1001,MATCH(B161,Detail!$G$1:$G$1001,0),1) -> 76 | T161: =INDEX(Detail!$E$1:$E$1001,MATCH(Main!B161,Detail!$G$1:$G$1001,0)) -> Gg. Cempaka No. 58 | U161: =INDEX(Detail!$B$1:$B$1001,MATCH(B161,Detail!$G$1:$G$1001,0),1) -> AB+ | V161: {=INDEX(Dosen!$B$3:$E$8,MATCH(Main!C161,Dosen!$A$3:$A$8,0),IF(AND(Main!A161>=1,Main!A161<=250),1,IF(AND(Main!A161>=251,Main!A161<=500),2,IF(AND(Main!A161>=501,Main!A161<=750),3,4))))} -> Pak Krisna | W161: =_xlfn.XLOOKUP(B161,Detail!$G$1:$G$1001,Detail!$B$1:$B$1001) -> AB+
A162: 11 | B162: =CONCATENATE("B",TEXT(A162,"0000")) -> B0011 | C162: Fisika | D162: =VLOOKUP(B162,Detail!$G$1:$H$1001,2,FALSE) -> Lukita Anggriawan | E162: 80 | F162: 75 | G162: 51 | H162: 52 | I162: 54 | J162: 51 | K162: 79 | L162: =IFERROR(VLOOKUP(B162,Absen!$A$1:$C$501,2,FALSE),"No") -> No | M162: =IF(L162="no",K162,K162-10)*10% -> 7.9 | N162: =SUM(E162*12.5%,F162*12.5%,H162*12.5%,I162*12.5%,G162*20%,J162*20%,M162) -> 60.925 | O162: =VLOOKUP(N162,Helper!$B$30:$C$35,2,TRUE) -> C | P162: =INDEX(Detail!$A$1:$A$1001,MATCH(B162,Detail!$G$1:$G$1001,0)) -> 37860 | Q162: =INDEX(Detail!$F$1:$F$1001,MATCH(Main!B162,Detail!$G$1:$G$1001,0)) -> Binjai | R162: =INDEX(Detail!$C$1:$C$1001,MATCH(B162,Detail!$G$1:$G$1001,0),1) -> 158 | S162: =INDEX(Detail!$D$1:$D$1001,MATCH(B162,Detail!$G$1:$G$1001,0),1) -> 70 | T162: =INDEX(Detail!$E$1:$E$1001,MATCH(Main!B162,Detail!$G$1:$G$1001,0)) -> Jalan Waringin No. 1 | U162: =INDEX(Detail!$B$1:$B$1001,MATCH(B162,Detail!$G$1:$G$1001,0),1) -> A+ | V162: {=INDEX(Dosen!$B$3:$E$8,MATCH(Main!C162,Dosen!$A$3:$A$8,0),IF(AND(Main!A162>=1,Main!A162<=250),1,IF(AND(Main!A162>=251,Main!A162<=500),2,IF(AND(Main!A162>=501,Main!A162<=750),3,4))))} -> Pak Krisna | W162: =_xlfn.XLOOKUP(B162,Detail!$G$1:$G$1001,Detail!$B$1:$B$1001) -> A+
A163: 12 | B163: =CONCATENATE("B",TEXT(A163,"0000")) -> B0012 | C163: Fisika | D163: =VLOOKUP(B163,Detail!$G$1:$H$1001,2,FALSE) -> Jatmiko Halimah | E163: 89 | F163: 66 | G163: 58 | H163: 56 | I163: 72 | J163: 40 | K163: 66 | L163: =IFERROR(VLOOKUP(B163,Absen!$A$1:$C$501,2,FALSE),"No") -> 44826 | M163: =IF(L163="no",K163,K163-10)*10% -> 5.6 | N163: =SUM(E163*12.5%,F163*12.5%,H163*12.5%,I163*12.5%,G163*20%,J163*20%,M163) -> 60.575 | O163: =VLOOKUP(N163,Helper!$B$30:$C$35,2,TRUE) -> C | P163: =INDEX(Detail!$A$1:$A$1001,MATCH(B163,Detail!$G$1:$G$1001,0)) -> 37738 | Q163: =INDEX(Detail!$F$1:$F$1001,MATCH(Main!B163,Detail!$G$1:$G$1001,0)) -> Pekalongan | R163: =INDEX(Detail!$C$1:$C$1001,MATCH(B163,Detail!$G$1:$G$1001,0),1) -> 167 | S163: =INDEX(Detail!$D$1:$D$1001,MATCH(B163,Detail!$G$1:$G$1001,0),1) -> 78 | T163: =INDEX(Detail!$E$1:$E$1001,MATCH(Main!B163,Detail!$G$1:$G$1001,0)) -> Jl. Kutai No. 34 | U163: =INDEX(Detail!$B$1:$B$1001,MATCH(B163,Detail!$G$1:$G$1001,0),1) -> AB- | V163: {=INDEX(Dosen!$B$3:$E$8,MATCH(Main!C163,Dosen!$A$3:$A$8,0),IF(AND(Main!A163>=1,Main!A163<=250),1,IF(AND(Main!A163>=251,Main!A163<=500),2,IF(AND(Main!A163>=501,Main!A163<=750),3,4))))} -> Pak Krisna | W163: =_xlfn.XLOOKUP(B163,Detail!$G$1:$G$1001,Detail!$B$1:$B$1001) -> AB-
A164: 23 | B164: =CONCATENATE("B",TEXT(A164,"0000")) -> B0023 | C164: Fisika | D164: =VLOOKUP(B164,Detail!$G$1:$H$1001,2,FALSE) -> Wakiman Prastuti | E164: 84 | F164: 49 | G164: 87 | H164: 56 | I164: 64 | J164: 60 | K164: 73 | L164: =IFERROR(VLOOKUP(B164,Absen!$A$1:$C$501,2,FALSE),"No") -> No | M164: =IF(L164="no",K164,K164-10)*10% -> 7.3 | N164: =SUM(E164*12.5%,F164*12.5%,H164*12.5%,I164*12.5%,G164*20%,J164*20%,M164) -> 68.325 | O164: =VLOOKUP(N164,Helper!$B$30:$C$35,2,TRUE) -> C | P164: =INDEX(Detail!$A$1:$A$1001,MATCH(B164,Detail!$G$1:$G$1001,0)) -> 38066 | Q164: =INDEX(Detail!$F$1:$F$1001,MATCH(Main!B164,Detail!$G$1:$G$1001,0)) -> Batu | R164: =INDEX(Detail!$C$1:$C$1001,MATCH(B164,Detail!$G$1:$G$1001,0),1) -> 166 | S164: =INDEX(Detail!$D$1:$D$1001,MATCH(B164,Detail!$G$1:$G$1001,0),1) -> 50 | T164: =INDEX(Detail!$E$1:$E$1001,MATCH(Main!B164,Detail!$G$1:$G$1001,0)) -> Jl. PHH. Mustofa No. 9 | U164: =INDEX(Detail!$B$1:$B$1001,MATCH(B164,Detail!$G$1:$G$1001,0),1) -> O- | V164: {=INDEX(Dosen!$B$3:$E$8,MATCH(Main!C164,Dosen!$A$3:$A$8,0),IF(AND(Main!A164>=1,Main!A164<=250),1,IF(AND(Main!A164>=251,Main!A164<=500),2,IF(AND(Main!A164>=501,Main!A164<=750),3,4))))} -> Pak Krisna | W164: =_xlfn.XLOOKUP(B164,Detail!$G$1:$G$1001,Detail!$B$1:$B$1001) -> O-
A165: 35 | B165: =CONCATENATE("B",TEXT(A165,"0000")) -> B0035 | C165: Fisika | D165: =VLOOKUP(B165,Detail!$G$1:$H$1001,2,FALSE) -> Embuh Adriansyah | E165: 70 | F165: 53 | G165: 88 | H165: 67 | I165: 75 | J165: 60 | K165: 63 | L165: =IFERROR(VLOOKUP(B165,Absen!$A$1:$C$501,2,FALSE),"No") -> 44789 | M165: =IF(L165="no",K165,K165-10)*10% -> 5.3 | N165: =SUM(E165*12.5%,F165*12.5%,H165*12.5%,I165*12.5%,G165*20%,J165*20%,M165) -> 68.025 | O165: =VLOOKUP(N165,Helper!$B$30:$C$35,2,TRUE) -> C | P165: =INDEX(Detail!$A$1:$A$1001,MATCH(B165,Detail!$G$1:$G$1001,0)) -> 37906 | Q165: =INDEX(Detail!$F$1:$F$1001,MATCH(Main!B165,Detail!$G$1:$G$1001,0)) -> Bitung | R165: =INDEX(Detail!$C$1:$C$1001,MATCH(B165,Detail!$G$1:$G$1001,0),1) -> 171 | S165: =INDEX(Detail!$D$1:$D$1001,MATCH(B165,Detail!$G$1:$G$1001,0),1) -> 67 | T165: =INDEX(Detail!$E$1:$E$1001,MATCH(Main!B165,Detail!$G$1:$G$1001,0)) -> Gang Otto Iskandardinata No. 06 | U165: =INDEX(Detail!$B$1:$B$1001,MATCH(B165,Detail!$G$1:$G$1001,0),1) -> O+ | V165: {=INDEX(Dosen!$B$3:$E$8,MATCH(Main!C165,Dosen!$A$3:$A$8,0),IF(AND(Main!A165>=1,Main!A165<=250),1,IF(AND(Main!A165>=251,Main!A165<=500),2,IF(AND(Main!A165>=501,Main!A165<=750),3,4))))} -> Pak Krisna | W165: =_xlfn.XLOOKUP(B165,Detail!$G$1:$G$1001,Detail!$B$1:$B$1001) -> O+
A166: 37 | B166: =CONCATENATE("B",TEXT(A166,"0000")) -> B0037 | C166: Fisika | D166: =VLOOKUP(B166,Detail!$G$1:$H$1001,2,FALSE) -> Hendra Pratama | E166: 72 | F166: 54 | G166: 55 | H166: 58 | I166: 72 | J166: 73 | K166: 82 | L166: =IFERROR(VLOOKUP(B166,Absen!$A$1:$C$501,2,FALSE),"No") -> No | M166: =IF(L166="no",K166,K166-10)*10% -> 8.2 | N166: =SUM(E166*12.5%,F166*12.5%,H166*12.5%,I166*12.5%,G166*20%,J166*20%,M166) -> 65.8 | O166: =VLOOKUP(N166,Helper!$B$30:$C$35,2,TRUE) -> C | P166: =INDEX(Detail!$A$1:$A$1001,MATCH(B166,Detail!$G$1:$G$1001,0)) -> 37192 | Q166: =INDEX(Detail!$F$1:$F$1001,MATCH(Main!B166,Detail!$G$1:$G$1001,0)) -> Tual | R166: =INDEX(Detail!$C$1:$C$1001,MATCH(B166,Detail!$G$1:$G$1001,0),1) -> 174 | S166: =INDEX(Detail!$D$1:$D$1001,MATCH(B166,Detail!$G$1:$G$1001,0),1) -> 57 | T166: =INDEX(Detail!$E$1:$E$1001,MATCH(Main!B166,Detail!$G$1:$G$1001,0)) -> Gg. Ahmad Dahlan No. 15 | U166: =INDEX(Detail!$B$1:$B$1001,MATCH(B166,Detail!$G$1:$G$1001,0),1) -> A+ | V166: {=INDEX(Dosen!$B$3:$E$8,MATCH(Main!C166,Dosen!$A$3:$A$8,0),IF(AND(Main!A166>=1,Main!A166<=250),1,IF(AND(Main!A166>=251,Main!A166<=500),2,IF(AND(Main!A166>=501,Main!A166<=750),3,4))))} -> Pak Krisna | W166: =_xlfn.XLOOKUP(B166,Detail!$G$1:$G$1001,Detail!$B$1:$B$1001) -> A+
A167: 42 | B167: =CONCATENATE("B",TEXT(A167,"0000")) -> B0042 | C167: Fisika | D167: =VLOOKUP(B167,Detail!$G$1:$H$1001,2,FALSE) -> Darijan Zulkarnain | E167: 78 | F167: 52 | G167: 94 | H167: 69 | I167: 86 | J167: 68 | K167: 89 | L167: =IFERROR(VLOOKUP(B167,Absen!$A$1:$C$501,2,FALSE),"No") -> No | M167: =IF(L167="no",K167,K167-10)*10% -> 8.9 | N167: =SUM(E167*12.5%,F167*12.5%,H167*12.5%,I167*12.5%,G167*20%,J167*20%,M167) -> 76.925 | O167: =VLOOKUP(N167,Helper!$B$30:$C$35,2,TRUE) -> B | P167: =INDEX(Detail!$A$1:$A$1001,MATCH(B167,Detail!$G$1:$G$1001,0)) -> 38412 | Q167: =INDEX(Detail!$F$1:$F$1001,MATCH(Main!B167,Detail!$G$1:$G$1001,0)) -> Balikpapan | R167: =INDEX(Detail!$C$1:$C$1001,MATCH(B167,Detail!$G$1:$G$1001,0),1) -> 150 | S167: =INDEX(Detail!$D$1:$D$1001,MATCH(B167,Detail!$G$1:$G$1001,0),1) -> 85 | T167: =INDEX(Detail!$E$1:$E$1001,MATCH(Main!B167,Detail!$G$1:$G$1001,0)) -> Gang Surapati No. 95 | U167: =INDEX(Detail!$B$1:$B$1001,MATCH(B167,Detail!$G$1:$G$1001,0),1) -> A+ | V167: {=INDEX(Dosen!$B$3:$E$8,MATCH(Main!C167,Dosen!$A$3:$A$8,0),IF(AND(Main!A167>=1,Main!A167<=250),1,IF(AND(Main!A167>=251,Main!A167<=500),2,IF(AND(Main!A167>=501,Main!A167<=750),3,4))))} -> Pak Krisna | W167: =_xlfn.XLOOKUP(B167,Detail!$G$1:$G$1001,Detail!$B$1:$B$1001) -> A+
A168: 48 | B168: =CONCATENATE("B",TEXT(A168,"0000")) -> B0048 | C168: Fisika | D168: =VLOOKUP(B168,Detail!$G$1:$H$1001,2,FALSE) -> Pandu Laksmiwati | E168: 77 | F168: 49 | G168: 40 | H168: 67 | I168: 77 | J168: 62 | K168: 89 | L168: =IFERROR(VLOOKUP(B168,Absen!$A$1:$C$501,2,FALSE),"No") -> No | M168: =IF(L168="no",K168,K168-10)*10% -> 8.9 | N168: =SUM(E168*12.5%,F168*12.5%,H168*12.5%,I168*12.5%,G168*20%,J168*20%,M168) -> 63.05 | O168: =VLOOKUP(N168,Helper!$B$30:$C$35,2,TRUE) -> C | P168: =INDEX(Detail!$A$1:$A$1001,MATCH(B168,Detail!$G$1:$G$1001,0)) -> 37255 | Q168: =INDEX(Detail!$F$1:$F$1001,MATCH(Main!B168,Detail!$G$1:$G$1001,0)) -> Bau-Bau | R168: =INDEX(Detail!$C$1:$C$1001,MATCH(B168,Detail!$G$1:$G$1001,0),1) -> 159 | S168: =INDEX(Detail!$D$1:$D$1001,MATCH(B168,Detail!$G$1:$G$1001,0),1) -> 56 | T168: =INDEX(Detail!$E$1:$E$1001,MATCH(Main!B168,Detail!$G$1:$G$1001,0)) -> Gg. Abdul Muis No. 9 | U168: =INDEX(Detail!$B$1:$B$1001,MATCH(B168,Detail!$G$1:$G$1001,0),1) -> O+ | V168: {=INDEX(Dosen!$B$3:$E$8,MATCH(Main!C168,Dosen!$A$3:$A$8,0),IF(AND(Main!A168>=1,Main!A168<=250),1,IF(AND(Main!A168>=251,Main!A168<=500),2,IF(AND(Main!A168>=501,Main!A168<=750),3,4))))} -> Pak Krisna | W168: =_xlfn.XLOOKUP(B168,Detail!$G$1:$G$1001,Detail!$B$1:$B$1001) -> O+
A169: 56 | B169: =CONCATENATE("B",TEXT(A169,"0000")) -> B0056 | C169: Fisika | D169: =VLOOKUP(B169,Detail!$G$1:$H$1001,2,FALSE) -> Hartana Astuti | E169: 59 | F169: 44 | G169: 81 | H169: 69 | I169: 57 | J169: 44 | K169: 91 | L169: =IFERROR(VLOOKUP(B169,Absen!$A$1:$C$501,2,FALSE),"No") -> 44767 | M169: =IF(L169="no",K169,K169-10)*10% -> 8.1 | N169: =SUM(E169*12.5%,F169*12.5%,H169*12.5%,I169*12.5%,G169*20%,J169*20%,M169) -> 61.725 | O169: =VLOOKUP(N169,Helper!$B$30:$C$35,2,TRUE) -> C | P169: =INDEX(Detail!$A$1:$A$1001,MATCH(B169,Detail!$G$1:$G$1001,0)) -> 37336 | Q169: =INDEX(Detail!$F$1:$F$1001,MATCH(Main!B169,Detail!$G$1:$G$1001,0)) -> Tarakan | R169: =INDEX(Detail!$C$1:$C$1001,MATCH(B169,Detail!$G$1:$G$1001,0),1) -> 168 | S169: =INDEX(Detail!$D$1:$D$1001,MATCH(B169,Detail!$G$1:$G$1001,0),1) -> 51 | T169: =INDEX(Detail!$E$1:$E$1001,MATCH(Main!B169,Detail!$G$1:$G$1001,0)) -> Gang Ronggowarsito No. 37 | U169: =INDEX(Detail!$B$1:$B$1001,MATCH(B169,Detail!$G$1:$G$1001,0),1) -> A- | V169: {=INDEX(Dosen!$B$3:$E$8,MATCH(Main!C169,Dosen!$A$3:$A$8,0),IF(AND(Main!A169>=1,Main!A169<=250),1,IF(AND(Main!A169>=251,Main!A169<=500),2,IF(AND(Main!A169>=501,Main!A169<=750),3,4))))} -> Pak Krisna | W169: =_xlfn.XLOOKUP(B169,Detail!$G$1:$G$1001,Detail!$B$1:$B$1001) -> A-
A170: 66 | B170: =CONCATENATE("B",TEXT(A170,"0000")) -> B0066 | C170: Fisika | D170: =VLOOKUP(B170,Detail!$G$1:$H$1001,2,FALSE) -> Arsipatra Lailasari | E170: 57 | F170: 46 | G170: 44 | H170: 70 | I170: 57 | J170: 88 | K170: 88 | L170: =IFERROR(VLOOKUP(B170,Absen!$A$1:$C$501,2,FALSE),"No") -> 44835 | M170: =IF(L170="no",K170,K170-10)*10% -> 7.8 | N170: =SUM(E170*12.5%,F170*12.5%,H170*12.5%,I170*12.5%,G170*20%,J170*20%,M170) -> 62.95 | O170: =VLOOKUP(N170,Helper!$B$30:$C$35,2,TRUE) -> C | P170: =INDEX(Detail!$A$1:$A$1001,MATCH(B170,Detail!$G$1:$G$1001,0)) -> 38283 | Q170: =INDEX(Detail!$F$1:$F$1001,MATCH(Main!B170,Detail!$G$1:$G$1001,0)) -> Batam | R170: =INDEX(Detail!$C$1:$C$1001,MATCH(B170,Detail!$G$1:$G$1001,0),1) -> 180 | S170: =INDEX(Detail!$D$1:$D$1001,MATCH(B170,Detail!$G$1:$G$1001,0),1) -> 76 | T170: =INDEX(Detail!$E$1:$E$1001,MATCH(Main!B170,Detail!$G$1:$G$1001,0)) -> Jl. Kutisari Selatan No. 43 | U170: =INDEX(Detail!$B$1:$B$1001,MATCH(B170,Detail!$G$1:$G$1001,0),1) -> A- | V170: {=INDEX(Dosen!$B$3:$E$8,MATCH(Main!C170,Dosen!$A$3:$A$8,0),IF(AND(Main!A170>=1,Main!A170<=250),1,IF(AND(Main!A170>=251,Main!A170<=500),2,IF(AND(Main!A170>=501,Main!A170<=750),3,4))))} -> Pak Krisna | W170: =_xlfn.XLOOKUP(B170,Detail!$G$1:$G$1001,Detail!$B$1:$B$1001) -> A-
A171: 76 | B171: =CONCATENATE("B",TEXT(A171,"0000")) -> B0076 | C171: Fisika | D171: =VLOOKUP(B171,Detail!$G$1:$H$1001,2,FALSE) -> Paulin Hariyah | E171: 54 | F171: 74 | G171: 52 | H171: 60 | I171: 89 | J171: 93 | K171: 69 | L171: =IFERROR(VLOOKUP(B171,Absen!$A$1:$C$501,2,FALSE),"No") -> No | M171: =IF(L171="no",K171,K171-10)*10% -> 6.9 | N171: =SUM(E171*12.5%,F171*12.5%,H171*12.5%,I171*12.5%,G171*20%,J171*20%,M171) -> 70.525 | O171: =VLOOKUP(N171,Helper!$B$30:$C$35,2,TRUE) -> B | P171: =INDEX(Detail!$A$1:$A$1001,MATCH(B171,Detail!$G$1:$G$1001,0)) -> 38067 | Q171: =INDEX(Detail!$F$1:$F$1001,MATCH(Main!B171,Detail!$G$1:$G$1001,0)) -> Tidore Kepulauan | R171: =INDEX(Detail!$C$1:$C$1001,MATCH(B171,Detail!$G$1:$G$1001,0),1) -> 151 | S171: =INDEX(Detail!$D$1:$D$1001,MATCH(B171,Detail!$G$1:$G$1001,0),1) -> 93 | T171: =INDEX(Detail!$E$1:$E$1001,MATCH(Main!B171,Detail!$G$1:$G$1001,0)) -> Gg. Peta No. 50 | U171: =INDEX(Detail!$B$1:$B$1001,MATCH(B171,Detail!$G$1:$G$1001,0),1) -> AB+ | V171: {=INDEX(Dosen!$B$3:$E$8,MATCH(Main!C171,Dosen!$A$3:$A$8,0),IF(AND(Main!A171>=1,Main!A171<=250),1,IF(AND(Main!A171>=251,Main!A171<=500),2,IF(AND(Main!A171>=501,Main!A171<=750),3,4))))} -> Pak Krisna | W171: =_xlfn.XLOOKUP(B171,Detail!$G$1:$G$1001,Detail!$B$1:$B$1001) -> AB+
A172: 79 | B172: =CONCATENATE("B",TEXT(A172,"0000")) -> B0079 | C172: Fisika | D172: =VLOOKUP(B172,Detail!$G$1:$H$1001,2,FALSE) -> Edi Nashiruddin | E172: 63 | F172: 49 | G172: 55 | H172: 65 | I172: 67 | J172: 44 | K172: 66 | L172: =IFERROR(VLOOKUP(B172,Absen!$A$1:$C$501,2,FALSE),"No") -> No | M172: =IF(L172="no",K172,K172-10)*10% -> 6.6 | N172: =SUM(E172*12.5%,F172*12.5%,H172*12.5%,I172*12.5%,G172*20%,J172*20%,M172) -> 56.9 | O172: =VLOOKUP(N172,Helper!$B$30:$C$35,2,TRUE) -> D | P172: =INDEX(Detail!$A$1:$A$1001,MATCH(B172,Detail!$G$1:$G$1001,0)) -> 37433 | Q172: =INDEX(Detail!$F$1:$F$1001,MATCH(Main!B172,Detail!$G$1:$G$1001,0)) -> Denpasar | R172: =INDEX(Detail!$C$1:$C$1001,MATCH(B172,Detail!$G$1:$G$1001,0),1) -> 166 | S172: =INDEX(Detail!$D$1:$D$1001,MATCH(B172,Detail!$G$1:$G$1001,0),1) -> 67 | T172: =INDEX(Detail!$E$1:$E$1001,MATCH(Main!B172,Detail!$G$1:$G$1001,0)) -> Jalan Dr. Djunjunan No. 3 | U172: =INDEX(Detail!$B$1:$B$1001,MATCH(B172,Detail!$G$1:$G$1001,0),1) -> O+ | V172: {=INDEX(Dosen!$B$3:$E$8,MATCH(Main!C172,Dosen!$A$3:$A$8,0),IF(AND(Main!A172>=1,Main!A172<=250),1,IF(AND(Main!A172>=251,Main!A172<=500),2,IF(AND(Main!A172>=501,Main!A172<=750),3,4))))} -> Pak Krisna | W172: =_xlfn.XLOOKUP(B172,Detail!$G$1:$G$1001,Detail!$B$1:$B$1001) -> O+
... A320: 993 | B320: =CONCATENATE("B",TEXT(A320,"0000")) -> B0993 | C320: Fisika | D320: =VLOOKUP(B320,Detail!$G$1:$H$1001,2,FALSE) -> Novi Prabowo | E320: 89 | F320: 63 | G320: 66 | H320: 55 | I320: 95 | J320: 75 | K320: 93 | L320: =IFERROR(VLOOKUP(B320,Absen!$A$1:$C$501,2,FALSE),"No") -> 44810 | M320: =IF(L320="no",K320,K320-10)*10% -> 8.3 | N320: =SUM(E320*12.5%,F320*12.5%,H320*12.5%,I320*12.5%,G320*20%,J320*20%,M320) -> 74.25 | O320: =VLOOKUP(N320,Helper!$B$30:$C$35,2,TRUE) -> B | P320: =INDEX(Detail!$A$1:$A$1001,MATCH(B320,Detail!$G$1:$G$1001,0)) -> 38204 | Q320: =INDEX(Detail!$F$1:$F$1001,MATCH(Main!B320,Detail!$G$1:$G$1001,0)) -> Pariaman | R320: =INDEX(Detail!$C$1:$C$1001,MATCH(B320,Detail!$G$1:$G$1001,0),1) -> 157 | S320: =INDEX(Detail!$D$1:$D$1001,MATCH(B320,Detail!$G$1:$G$1001,0),1) -> 51 | T320: =INDEX(Detail!$E$1:$E$1001,MATCH(Main!B320,Detail!$G$1:$G$1001,0)) -> Gang Cihampelas No. 1 | U320: =INDEX(Detail!$B$1:$B$1001,MATCH(B320,Detail!$G$1:$G$1001,0),1) -> A- | V320: {=INDEX(Dosen!$B$3:$E$8,MATCH(Main!C320,Dosen!$A$3:$A$8,0),IF(AND(Main!A320>=1,Main!A320<=250),1,IF(AND(Main!A320>=251,Main!A320<=500),2,IF(AND(Main!A320>=501,Main!A320<=750),3,4))))} -> Pak Budi | W320: =_xlfn.XLOOKUP(B320,Detail!$G$1:$G$1001,Detail!$B$1:$B$1001) -> A-
A321: 19 | B321: =CONCATENATE("C",TEXT(A321,"0000")) -> C0019 | C321: Kimia | D321: =VLOOKUP(B321,Detail!$G$1:$H$1001,2,FALSE) -> Daniswara Manullang | E321: 85 | F321: 63 | G321: 93 | H321: 65 | I321: 84 | J321: 48 | K321: 89 | L321: =IFERROR(VLOOKUP(B321,Absen!$A$1:$C$501,2,FALSE),"No") -> 44846 | M321: =IF(L321="no",K321,K321-10)*10% -> 7.9 | N321: =SUM(E321*12.5%,F321*12.5%,H321*12.5%,I321*12.5%,G321*20%,J321*20%,M321) -> 73.225 | O321: =VLOOKUP(N321,Helper!$B$30:$C$35,2,TRUE) -> B | P321: =INDEX(Detail!$A$1:$A$1001,MATCH(B321,Detail!$G$1:$G$1001,0)) -> 38185 | Q321: =INDEX(Detail!$F$1:$F$1001,MATCH(Main!B321,Detail!$G$1:$G$1001,0)) -> Banda Aceh | R321: =INDEX(Detail!$C$1:$C$1001,MATCH(B321,Detail!$G$1:$G$1001,0),1) -> 161 | S321: =INDEX(Detail!$D$1:$D$1001,MATCH(B321,Detail!$G$1:$G$1001,0),1) -> 89 | T321: =INDEX(Detail!$E$1:$E$1001,MATCH(Main!B321,Detail!$G$1:$G$1001,0)) -> Jalan Dipenogoro No. 70 | U321: =INDEX(Detail!$B$1:$B$1001,MATCH(B321,Detail!$G$1:$G$1001,0),1) -> AB+ | V321: {=INDEX(Dosen!$B$3:$E$8,MATCH(Main!C321,Dosen!$A$3:$A$8,0),IF(AND(Main!A321>=1,Main!A321<=250),1,IF(AND(Main!A321>=251,Main!A321<=500),2,IF(AND(Main!A321>=501,Main!A321<=750),3,4))))} -> Pak Budi | W321: =_xlfn.XLOOKUP(B321,Detail!$G$1:$G$1001,Detail!$B$1:$B$1001) -> AB+
A322: 29 | B322: =CONCATENATE("C",TEXT(A322,"0000")) -> C0029 | C322: Kimia | D322: =VLOOKUP(B322,Detail!$G$1:$H$1001,2,FALSE) -> Banawi Laksita | E322: 72 | F322: 51 | G322: 43 | H322: 74 | I322: 56 | J322: 50 | K322: 79 | L322: =IFERROR(VLOOKUP(B322,Absen!$A$1:$C$501,2,FALSE),"No") -> 44772 | M322: =IF(L322="no",K322,K322-10)*10% -> 6.9 | N322: =SUM(E322*12.5%,F322*12.5%,H322*12.5%,I322*12.5%,G322*20%,J322*20%,M322) -> 57.125 | O322: =VLOOKUP(N322,Helper!$B$30:$C$35,2,TRUE) -> D | P322: =INDEX(Detail!$A$1:$A$1001,MATCH(B322,Detail!$G$1:$G$1001,0)) -> 37209 | Q322: =INDEX(Detail!$F$1:$F$1001,MATCH(Main!B322,Detail!$G$1:$G$1001,0)) -> Langsa | R322: =INDEX(Detail!$C$1:$C$1001,MATCH(B322,Detail!$G$1:$G$1001,0),1) -> 150 | S322: =INDEX(Detail!$D$1:$D$1001,MATCH(B322,Detail!$G$1:$G$1001,0),1) -> 82 | T322: =INDEX(Detail!$E$1:$E$1001,MATCH(Main!B322,Detail!$G$1:$G$1001,0)) -> Gang Rajawali Timur No. 4 | U322: =INDEX(Detail!$B$1:$B$1001,MATCH(B322,Detail!$G$1:$G$1001,0),1) -> A- | V322: {=INDEX(Dosen!$B$3:$E$8,MATCH(Main!C322,Dosen!$A$3:$A$8,0),IF(AND(Main!A322>=1,Main!A322<=250),1,IF(AND(Main!A322>=251,Main!A322<=500),2,IF(AND(Main!A322>=501,Main!A322<=750),3,4))))} -> Pak Budi | W322: =_xlfn.XLOOKUP(B322,Detail!$G$1:$G$1001,Detail!$B$1:$B$1001) -> A-
A323: 30 | B323: =CONCATENATE("C",TEXT(A323,"0000")) -> C0030 | C323: Kimia | D323: =VLOOKUP(B323,Detail!$G$1:$H$1001,2,FALSE) -> Dewi Budiman | E323: 59 | F323: 46 | G323: 87 | H323: 71 | I323: 57 | J323: 48 | K323: 71 | L323: =IFERROR(VLOOKUP(B323,Absen!$A$1:$C$501,2,FALSE),"No") -> 44883 | M323: =IF(L323="no",K323,K323-10)*10% -> 6.1 | N323: =SUM(E323*12.5%,F323*12.5%,H323*12.5%,I323*12.5%,G323*20%,J323*20%,M323) -> 62.225 | O323: =VLOOKUP(N323,Helper!$B$30:$C$35,2,TRUE) -> C | P323: =INDEX(Detail!$A$1:$A$1001,MATCH(B323,Detail!$G$1:$G$1001,0)) -> 38444 | Q323: =INDEX(Detail!$F$1:$F$1001,MATCH(Main!B323,Detail!$G$1:$G$1001,0)) -> Samarinda | R323: =INDEX(Detail!$C$1:$C$1001,MATCH(B323,Detail!$G$1:$G$1001,0),1) -> 180 | S323: =INDEX(Detail!$D$1:$D$1001,MATCH(B323,Detail!$G$1:$G$1001,0),1) -> 86 | T323: =INDEX(Detail!$E$1:$E$1001,MATCH(Main!B323,Detail!$G$1:$G$1001,0)) -> Jl. Medokan Ayu No. 73 | U323: =INDEX(Detail!$B$1:$B$1001,MATCH(B323,Detail!$G$1:$G$1001,0),1) -> A- | V323: {=INDEX(Dosen!$B$3:$E$8,MATCH(Main!C323,Dosen!$A$3:$A$8,0),IF(AND(Main!A323>=1,Main!A323<=250),1,IF(AND(Main!A323>=251,Main!A323<=500),2,IF(AND(Main!A323>=501,Main!A323<=750),3,4))))} -> Pak Budi | W323: =_xlfn.XLOOKUP(B323,Detail!$G$1:$G$1001,Detail!$B$1:$B$1001) -> A-
A324: 49 | B324: =CONCATENATE("C",TEXT(A324,"0000")) -> C0049 | C324: Kimia | D324: =VLOOKUP(B324,Detail!$G$1:$H$1001,2,FALSE) -> Cecep Mansur | E324: 51 | F324: 62 | G324: 51 | H324: 54 | I324: 68 | J324: 100 | K324: 82 | L324: =IFERROR(VLOOKUP(B324,Absen!$A$1:$C$501,2,FALSE),"No") -> No | M324: =IF(L324="no",K324,K324-10)*10% -> 8.2 | N324: =SUM(E324*12.5%,F324*12.5%,H324*12.5%,I324*12.5%,G324*20%,J324*20%,M324) -> 67.775 | O324: =VLOOKUP(N324,Helper!$B$30:$C$35,2,TRUE) -> C | P324: =INDEX(Detail!$A$1:$A$1001,MATCH(B324,Detail!$G$1:$G$1001,0)) -> 37102 | Q324: =INDEX(Detail!$F$1:$F$1001,MATCH(Main!B324,Detail!$G$1:$G$1001,0)) -> Magelang | R324: =INDEX(Detail!$C$1:$C$1001,MATCH(B324,Detail!$G$1:$G$1001,0),1) -> 180 | S324: =INDEX(Detail!$D$1:$D$1001,MATCH(B324,Detail!$G$1:$G$1001,0),1) -> 56 | T324: =INDEX(Detail!$E$1:$E$1001,MATCH(Main!B324,Detail!$G$1:$G$1001,0)) -> Jl. Indragiri No. 50 | U324: =INDEX(Detail!$B$1:$B$1001,MATCH(B324,Detail!$G$1:$G$1001,0),1) -> A+ | V324: {=INDEX(Dosen!$B$3:$E$8,MATCH(Main!C324,Dosen!$A$3:$A$8,0),IF(AND(Main!A324>=1,Main!A324<=250),1,IF(AND(Main!A324>=251,Main!A324<=500),2,IF(AND(Main!A324>=501,Main!A324<=750),3,4))))} -> Pak Budi | W324: =_xlfn.XLOOKUP(B324,Detail!$G$1:$G$1001,Detail!$B$1:$B$1001) -> A+
A325: 54 | B325: =CONCATENATE("C",TEXT(A325,"0000")) -> C0054 | C325: Kimia | D325: =VLOOKUP(B325,Detail!$G$1:$H$1001,2,FALSE) -> Radika Aryani | E325: 77 | F325: 69 | G325: 61 | H325: 73 | I325: 52 | J325: 99 | K325: 91 | L325: =IFERROR(VLOOKUP(B325,Absen!$A$1:$C$501,2,FALSE),"No") -> 44847 | M325: =IF(L325="no",K325,K325-10)*10% -> 8.1 | N325: =SUM(E325*12.5%,F325*12.5%,H325*12.5%,I325*12.5%,G325*20%,J325*20%,M325) -> 73.975 | O325: =VLOOKUP(N325,Helper!$B$30:$C$35,2,TRUE) -> B | P325: =INDEX(Detail!$A$1:$A$1001,MATCH(B325,Detail!$G$1:$G$1001,0)) -> 37113 | Q325: =INDEX(Detail!$F$1:$F$1001,MATCH(Main!B325,Detail!$G$1:$G$1001,0)) -> Cimahi | R325: =INDEX(Detail!$C$1:$C$1001,MATCH(B325,Detail!$G$1:$G$1001,0),1) -> 179 | S325: =INDEX(Detail!$D$1:$D$1001,MATCH(B325,Detail!$G$1:$G$1001,0),1) -> 57 | T325: =INDEX(Detail!$E$1:$E$1001,MATCH(Main!B325,Detail!$G$1:$G$1001,0)) -> Jl. Suniaraja No. 5 | U325: =INDEX(Detail!$B$1:$B$1001,MATCH(B325,Detail!$G$1:$G$1001,0),1) -> O- | V325: {=INDEX(Dosen!$B$3:$E$8,MATCH(Main!C325,Dosen!$A$3:$A$8,0),IF(AND(Main!A325>=1,Main!A325<=250),1,IF(AND(Main!A325>=251,Main!A325<=500),2,IF(AND(Main!A325>=501,Main!A325<=750),3,4))))} -> Pak Budi | W325: =_xlfn.XLOOKUP(B325,Detail!$G$1:$G$1001,Detail!$B$1:$B$1001) -> O-
A326: 55 | B326: =CONCATENATE("C",TEXT(A326,"0000")) -> C0055 | C326: Kimia | D326: =VLOOKUP(B326,Detail!$G$1:$H$1001,2,FALSE) -> Warji Wahyudin | E326: 68 | F326: 72 | G326: 58 | H326: 64 | I326: 56 | J326: 42 | K326: 74 | L326: =IFERROR(VLOOKUP(B326,Absen!$A$1:$C$501,2,FALSE),"No") -> No | M326: =IF(L326="no",K326,K326-10)*10% -> 7.4 | N326: =SUM(E326*12.5%,F326*12.5%,H326*12.5%,I326*12.5%,G326*20%,J326*20%,M326) -> 59.9 | O326: =VLOOKUP(N326,Helper!$B$30:$C$35,2,TRUE) -> D | P326: =INDEX(Detail!$A$1:$A$1001,MATCH(B326,Detail!$G$1:$G$1001,0)) -> 38369 | Q326: =INDEX(Detail!$F$1:$F$1001,MATCH(Main!B326,Detail!$G$1:$G$1001,0)) -> Lhokseumawe | R326: =INDEX(Detail!$C$1:$C$1001,MATCH(B326,Detail!$G$1:$G$1001,0),1) -> 155 | S326: =INDEX(Detail!$D$1:$D$1001,MATCH(B326,Detail!$G$1:$G$1001,0),1) -> 73 | T326: =INDEX(Detail!$E$1:$E$1001,MATCH(Main!B326,Detail!$G$1:$G$1001,0)) -> Jalan Kebonjati No. 08 | U326: =INDEX(Detail!$B$1:$B$1001,MATCH(B326,Detail!$G$1:$G$1001,0),1) -> B- | V326: {=INDEX(Dosen!$B$3:$E$8,MATCH(Main!C326,Dosen!$A$3:$A$8,0),IF(AND(Main!A326>=1,Main!A326<=250),1,IF(AND(Main!A326>=251,Main!A326<=500),2,IF(AND(Main!A326>=501,Main!A326<=750),3,4))))} -> Pak Budi | W326: =_xlfn.XLOOKUP(B326,Detail!$G$1:$G$1001,Detail!$B$1:$B$1001) -> B-
A327: 64 | B327: =CONCATENATE("C",TEXT(A327,"0000")) -> C0064 | C327: Kimia | D327: =VLOOKUP(B327,Detail!$G$1:$H$1001,2,FALSE) -> Gantar Sihombing | E327: 68 | F327: 53 | G327: 87 | H327: 55 | I327: 91 | J327: 78 | K327: 90 | L327: =IFERROR(VLOOKUP(B327,Absen!$A$1:$C$501,2,FALSE),"No") -> 44887 | M327: =IF(L327="no",K327,K327-10)*10% -> 8 | N327: =SUM(E327*12.5%,F327*12.5%,H327*12.5%,I327*12.5%,G327*20%,J327*20%,M327) -> 74.375 | O327: =VLOOKUP(N327,Helper!$B$30:$C$35,2,TRUE) -> B | P327: =INDEX(Detail!$A$1:$A$1001,MATCH(B327,Detail!$G$1:$G$1001,0)) -> 37710 | Q327: =INDEX(Detail!$F$1:$F$1001,MATCH(Main!B327,Detail!$G$1:$G$1001,0)) -> Pasuruan | R327: =INDEX(Detail!$C$1:$C$1001,MATCH(B327,Detail!$G$1:$G$1001,0),1) -> 158 | S327: =INDEX(Detail!$D$1:$D$1001,MATCH(B327,Detail!$G$1:$G$1001,0),1) -> 52 | T327: =INDEX(Detail!$E$1:$E$1001,MATCH(Main!B327,Detail!$G$1:$G$1001,0)) -> Gang Waringin No. 6 | U327: =INDEX(Detail!$B$1:$B$1001,MATCH(B327,Detail!$G$1:$G$1001,0),1) -> AB+ | V327: {=INDEX(Dosen!$B$3:$E$8,MATCH(Main!C327,Dosen!$A$3:$A$8,0),IF(AND(Main!A327>=1,Main!A327<=250),1,IF(AND(Main!A327>=251,Main!A327<=500),2,IF(AND(Main!A327>=501,Main!A327<=750),3,4))))} -> Pak Budi | W327: =_xlfn.XLOOKUP(B327,Detail!$G$1:$G$1001,Detail!$B$1:$B$1001) -> AB+
A328: 67 | B328: =CONCATENATE("C",TEXT(A328,"0000")) -> C0067 | C328: Kimia | D328: =VLOOKUP(B328,Detail!$G$1:$H$1001,2,FALSE) -> Siti Manullang | E328: 60 | F328: 65 | G328: 51 | H328: 58 | I328: 78 | J328: 72 | K328: 77 | L328: =IFERROR(VLOOKUP(B328,Absen!$A$1:$C$501,2,FALSE),"No") -> No | M328: =IF(L328="no",K328,K328-10)*10% -> 7.7 | N328: =SUM(E328*12.5%,F328*12.5%,H328*12.5%,I328*12.5%,G328*20%,J328*20%,M328) -> 64.925 | O328: =VLOOKUP(N328,Helper!$B$30:$C$35,2,TRUE) -> C | P328: =INDEX(Detail!$A$1:$A$1001,MATCH(B328,Detail!$G$1:$G$1001,0)) -> 37133 | Q328: =INDEX(Detail!$F$1:$F$1001,MATCH(Main!B328,Detail!$G$1:$G$1001,0)) -> Binjai | R328: =INDEX(Detail!$C$1:$C$1001,MATCH(B328,Detail!$G$1:$G$1001,0),1) -> 173 | S328: =INDEX(Detail!$D$1:$D$1001,MATCH(B328,Detail!$G$1:$G$1001,0),1) -> 93 | T328: =INDEX(Detail!$E$1:$E$1001,MATCH(Main!B328,Detail!$G$1:$G$1001,0)) -> Gg. Dipenogoro No. 2 | U328: =INDEX(Detail!$B$1:$B$1001,MATCH(B328,Detail!$G$1:$G$1001,0),1) -> A- | V328: {=INDEX(Dosen!$B$3:$E$8,MATCH(Main!C328,Dosen!$A$3:$A$8,0),IF(AND(Main!A328>=1,Main!A328<=250),1,IF(AND(Main!A328>=251,Main!A328<=500),2,IF(AND(Main!A328>=501,Main!A328<=750),3,4))))} -> Pak Budi | W328: =_xlfn.XLOOKUP(B328,Detail!$G$1:$G$1001,Detail!$B$1:$B$1001) -> A-
A329: 69 | B329: =CONCATENATE("C",TEXT(A329,"0000")) -> C0069 | C329: Kimia | D329: =VLOOKUP(B329,Detail!$G$1:$H$1001,2,FALSE) -> Niyaga Pradipta | E329: 78 | F329: 68 | G329: 38 | H329: 59 | I329: 56 | J329: 78 | K329: 91 | L329: =IFERROR(VLOOKUP(B329,Absen!$A$1:$C$501,2,FALSE),"No") -> No | M329: =IF(L329="no",K329,K329-10)*10% -> 9.1 | N329: =SUM(E329*12.5%,F329*12.5%,H329*12.5%,I329*12.5%,G329*20%,J329*20%,M329) -> 64.925 | O329: =VLOOKUP(N329,Helper!$B$30:$C$35,2,TRUE) -> C | P329: =INDEX(Detail!$A$1:$A$1001,MATCH(B329,Detail!$G$1:$G$1001,0)) -> 38030 | Q329: =INDEX(Detail!$F$1:$F$1001,MATCH(Main!B329,Detail!$G$1:$G$1001,0)) -> Surakarta | R329: =INDEX(Detail!$C$1:$C$1001,MATCH(B329,Detail!$G$1:$G$1001,0),1) -> 163 | S329: =INDEX(Detail!$D$1:$D$1001,MATCH(B329,Detail!$G$1:$G$1001,0),1) -> 48 | T329: =INDEX(Detail!$E$1:$E$1001,MATCH(Main!B329,Detail!$G$1:$G$1001,0)) -> Gg. Rawamangun No. 30 | U329: =INDEX(Detail!$B$1:$B$1001,MATCH(B329,Detail!$G$1:$G$1001,0),1) -> B+ | V329: {=INDEX(Dosen!$B$3:$E$8,MATCH(Main!C329,Dosen!$A$3:$A$8,0),IF(AND(Main!A329>=1,Main!A329<=250),1,IF(AND(Main!A329>=251,Main!A329<=500),2,IF(AND(Main!A329>=501,Main!A329<=750),3,4))))} -> Pak Budi | W329: =_xlfn.XLOOKUP(B329,Detail!$G$1:$G$1001,Detail!$B$1:$B$1001) -> B+
A330: 85 | B330: =CONCATENATE("C",TEXT(A330,"0000")) -> C0085 | C330: Kimia | D330: =VLOOKUP(B330,Detail!$G$1:$H$1001,2,FALSE) -> Gamani Susanti | E330: 61 | F330: 49 | G330: 56 | H330: 56 | I330: 52 | J330: 97 | K330: 63 | L330: =IFERROR(VLOOKUP(B330,Absen!$A$1:$C$501,2,FALSE),"No") -> No | M330: =IF(L330="no",K330,K330-10)*10% -> 6.3 | N330: =SUM(E330*12.5%,F330*12.5%,H330*12.5%,I330*12.5%,G330*20%,J330*20%,M330) -> 64.15 | O330: =VLOOKUP(N330,Helper!$B$30:$C$35,2,TRUE) -> C | P330: =INDEX(Detail!$A$1:$A$1001,MATCH(B330,Detail!$G$1:$G$1001,0)) -> 38394 | Q330: =INDEX(Detail!$F$1:$F$1001,MATCH(Main!B330,Detail!$G$1:$G$1001,0)) -> Pekanbaru | R330: =INDEX(Detail!$C$1:$C$1001,MATCH(B330,Detail!$G$1:$G$1001,0),1) -> 167 | S330: =INDEX(Detail!$D$1:$D$1001,MATCH(B330,Detail!$G$1:$G$1001,0),1) -> 91 | T330: =INDEX(Detail!$E$1:$E$1001,MATCH(Main!B330,Detail!$G$1:$G$1001,0)) -> Jalan Surapati No. 19 | U330: =INDEX(Detail!$B$1:$B$1001,MATCH(B330,Detail!$G$1:$G$1001,0),1) -> O+ | V330: {=INDEX(Dosen!$B$3:$E$8,MATCH(Main!C330,Dosen!$A$3:$A$8,0),IF(AND(Main!A330>=1,Main!A330<=250),1,IF(AND(Main!A330>=251,Main!A330<=500),2,IF(AND(Main!A330>=501,Main!A330<=750),3,4))))} -> Pak Budi | W330: =_xlfn.XLOOKUP(B330,Detail!$G$1:$G$1001,Detail!$B$1:$B$1001) -> O+
A331: 86 | B331: =CONCATENATE("C",TEXT(A331,"0000")) -> C0086 | C331: Kimia | D331: =VLOOKUP(B331,Detail!$G$1:$H$1001,2,FALSE) -> Elvin Tarihoran | E331: 81 | F331: 52 | G331: 56 | H331: 63 | I331: 80 | J331: 94 | K331: 71 | L331: =IFERROR(VLOOKUP(B331,Absen!$A$1:$C$501,2,FALSE),"No") -> No | M331: =IF(L331="no",K331,K331-10)*10% -> 7.1 | N331: =SUM(E331*12.5%,F331*12.5%,H331*12.5%,I331*12.5%,G331*20%,J331*20%,M331) -> 71.6 | O331: =VLOOKUP(N331,Helper!$B$30:$C$35,2,TRUE) -> B | P331: =INDEX(Detail!$A$1:$A$1001,MATCH(B331,Detail!$G$1:$G$1001,0)) -> 37793 | Q331: =INDEX(Detail!$F$1:$F$1001,MATCH(Main!B331,Detail!$G$1:$G$1001,0)) -> Bogor | R331: =INDEX(Detail!$C$1:$C$1001,MATCH(B331,Detail!$G$1:$G$1001,0),1) -> 167 | S331: =INDEX(Detail!$D$1:$D$1001,MATCH(B331,Detail!$G$1:$G$1001,0),1) -> 76 | T331: =INDEX(Detail!$E$1:$E$1001,MATCH(Main!B331,Detail!$G$1:$G$1001,0)) -> Gg. Monginsidi No. 76 | U331: =INDEX(Detail!$B$1:$B$1001,MATCH(B331,Detail!$G$1:$G$1001,0),1) -> O- | V331: {=INDEX(Dosen!$B$3:$E$8,MATCH(Main!C331,Dosen!$A$3:$A$8,0),IF(AND(Main!A331>=1,Main!A331<=250),1,IF(AND(Main!A331>=251,Main!A331<=500),2,IF(AND(Main!A331>=501,Main!A331<=750),3,4))))} -> Pak Budi | W331: =_xlfn.XLOOKUP(B331,Detail!$G$1:$G$1001,Detail!$B$1:$B$1001) -> O-
A332: 101 | B332: =CONCATENATE("C",TEXT(A332,"0000")) -> C0101 | C332: Kimia | D332: =VLOOKUP(B332,Detail!$G$1:$H$1001,2,FALSE) -> Dodo Hassanah | E332: 57 | F332: 43 | G332: 61 | H332: 50 | I332: 79 | J332: 82 | K332: 60 | L332: =IFERROR(VLOOKUP(B332,Absen!$A$1:$C$501,2,FALSE),"No") -> No | M332: =IF(L332="no",K332,K332-10)*10% -> 6 | N332: =SUM(E332*12.5%,F332*12.5%,H332*12.5%,I332*12.5%,G332*20%,J332*20%,M332) -> 63.225 | O332: =VLOOKUP(N332,Helper!$B$30:$C$35,2,TRUE) -> C | P332: =INDEX(Detail!$A$1:$A$1001,MATCH(B332,Detail!$G$1:$G$1001,0)) -> 37705 | Q332: =INDEX(Detail!$F$1:$F$1001,MATCH(Main!B332,Detail!$G$1:$G$1001,0)) -> Ternate | R332: =INDEX(Detail!$C$1:$C$1001,MATCH(B332,Detail!$G$1:$G$1001,0),1) -> 157 | S332: =INDEX(Detail!$D$1:$D$1001,MATCH(B332,Detail!$G$1:$G$1001,0),1) -> 91 | T332: =INDEX(Detail!$E$1:$E$1001,MATCH(Main!B332,Detail!$G$1:$G$1001,0)) -> Jalan Medokan Ayu No. 3 | U332: =INDEX(Detail!$B$1:$B$1001,MATCH(B332,Detail!$G$1:$G$1001,0),1) -> O+ | V332: {=INDEX(Dosen!$B$3:$E$8,MATCH(Main!C332,Dosen!$A$3:$A$8,0),IF(AND(Main!A332>=1,Main!A332<=250),1,IF(AND(Main!A332>=251,Main!A332<=500),2,IF(AND(Main!A332>=501,Main!A332<=750),3,4))))} -> Pak Budi | W332: =_xlfn.XLOOKUP(B332,Detail!$G$1:$G$1001,Detail!$B$1:$B$1001) -> O+
... A492: 997 | B492: =CONCATENATE("C",TEXT(A492,"0000")) -> C0997 | C492: Kimia | D492: =VLOOKUP(B492,Detail!$G$1:$H$1001,2,FALSE) -> Gawati Melani | E492: 80 | F492: 64 | G492: 57 | H492: 54 | I492: 68 | J492: 73 | K492: 85 | L492: =IFERROR(VLOOKUP(B492,Absen!$A$1:$C$501,2,FALSE),"No") -> 44829 | M492: =IF(L492="no",K492,K492-10)*10% -> 7.5 | N492: =SUM(E492*12.5%,F492*12.5%,H492*12.5%,I492*12.5%,G492*20%,J492*20%,M492) -> 66.75 | O492: =VLOOKUP(N492,Helper!$B$30:$C$35,2,TRUE) -> C | P492: =INDEX(Detail!$A$1:$A$1001,MATCH(B492,Detail!$G$1:$G$1001,0)) -> 37740 | Q492: =INDEX(Detail!$F$1:$F$1001,MATCH(Main!B492,Detail!$G$1:$G$1001,0)) -> Kota Administrasi Jakarta Selatan | R492: =INDEX(Detail!$C$1:$C$1001,MATCH(B492,Detail!$G$1:$G$1001,0),1) -> 152 | S492: =INDEX(Detail!$D$1:$D$1001,MATCH(B492,Detail!$G$1:$G$1001,0),1) -> 54 | T492: =INDEX(Detail!$E$1:$E$1001,MATCH(Main!B492,Detail!$G$1:$G$1001,0)) -> Gang R.E Martadinata No. 17 | U492: =INDEX(Detail!$B$1:$B$1001,MATCH(B492,Detail!$G$1:$G$1001,0),1) -> AB- | V492: {=INDEX(Dosen!$B$3:$E$8,MATCH(Main!C492,Dosen!$A$3:$A$8,0),IF(AND(Main!A492>=1,Main!A492<=250),1,IF(AND(Main!A492>=251,Main!A492<=500),2,IF(AND(Main!A492>=501,Main!A492<=750),3,4))))} -> Pak Andi | W492: =_xlfn.XLOOKUP(B492,Detail!$G$1:$G$1001,Detail!$B$1:$B$1001) -> AB-
A493: 1 | B493: =CONCATENATE("D",TEXT(A493,"0000")) -> D0001 | C493: Biologi | D493: =VLOOKUP(B493,Detail!$G$1:$H$1001,2,FALSE) -> Legawa Riyanti | E493: 79 | F493: 49 | G493: 66 | H493: 52 | I493: 52 | J493: 98 | K493: 85 | L493: =IFERROR(VLOOKUP(B493,Absen!$A$1:$C$501,2,FALSE),"No") -> 44855 | M493: =IF(L493="no",K493,K493-10)*10% -> 7.5 | N493: =SUM(E493*12.5%,F493*12.5%,H493*12.5%,I493*12.5%,G493*20%,J493*20%,M493) -> 69.3 | O493: =VLOOKUP(N493,Helper!$B$30:$C$35,2,TRUE) -> C | P493: =INDEX(Detail!$A$1:$A$1001,MATCH(B493,Detail!$G$1:$G$1001,0)) -> 37335 | Q493: =INDEX(Detail!$F$1:$F$1001,MATCH(Main!B493,Detail!$G$1:$G$1001,0)) -> Probolinggo | R493: =INDEX(Detail!$C$1:$C$1001,MATCH(B493,Detail!$G$1:$G$1001,0),1) -> 166 | S493: =INDEX(Detail!$D$1:$D$1001,MATCH(B493,Detail!$G$1:$G$1001,0),1) -> 95 | T493: =INDEX(Detail!$E$1:$E$1001,MATCH(Main!B493,Detail!$G$1:$G$1001,0)) -> Jl. M.T Haryono No. 5 | U493: =INDEX(Detail!$B$1:$B$1001,MATCH(B493,Detail!$G$1:$G$1001,0),1) -> A+ | V493: {=INDEX(Dosen!$B$3:$E$8,MATCH(Main!C493,Dosen!$A$3:$A$8,0),IF(AND(Main!A493>=1,Main!A493<=250),1,IF(AND(Main!A493>=251,Main!A493<=500),2,IF(AND(Main!A493>=501,Main!A493<=750),3,4))))} -> Bu Ratna | W493: =_xlfn.XLOOKUP(B493,Detail!$G$1:$G$1001,Detail!$B$1:$B$1001) -> A+
A494: 2 | B494: =CONCATENATE("D",TEXT(A494,"0000")) -> D0002 | C494: Biologi | D494: =VLOOKUP(B494,Detail!$G$1:$H$1001,2,FALSE) -> Kunthara Halimah | E494: 65 | F494: 47 | G494: 72 | H494: 71 | I494: 70 | J494: 73 | K494: 82 | L494: =IFERROR(VLOOKUP(B494,Absen!$A$1:$C$501,2,FALSE),"No") -> 44816 | M494: =IF(L494="no",K494,K494-10)*10% -> 7.2 | N494: =SUM(E494*12.5%,F494*12.5%,H494*12.5%,I494*12.5%,G494*20%,J494*20%,M494) -> 67.825 | O494: =VLOOKUP(N494,Helper!$B$30:$C$35,2,TRUE) -> C | P494: =INDEX(Detail!$A$1:$A$1001,MATCH(B494,Detail!$G$1:$G$1001,0)) -> 38428 | Q494: =INDEX(Detail!$F$1:$F$1001,MATCH(Main!B494,Detail!$G$1:$G$1001,0)) -> Tangerang Selatan | R494: =INDEX(Detail!$C$1:$C$1001,MATCH(B494,Detail!$G$1:$G$1001,0),1) -> 175 | S494: =INDEX(Detail!$D$1:$D$1001,MATCH(B494,Detail!$G$1:$G$1001,0),1) -> 55 | T494: =INDEX(Detail!$E$1:$E$1001,MATCH(Main!B494,Detail!$G$1:$G$1001,0)) -> Gang Setiabudhi No. 17 | U494: =INDEX(Detail!$B$1:$B$1001,MATCH(B494,Detail!$G$1:$G$1001,0),1) -> AB- | V494: {=INDEX(Dosen!$B$3:$E$8,MATCH(Main!C494,Dosen!$A$3:$A$8,0),IF(AND(Main!A494>=1,Main!A494<=250),1,IF(AND(Main!A494>=251,Main!A494<=500),2,IF(AND(Main!A494>=501,Main!A494<=750),3,4))))} -> Bu Ratna | W494: =_xlfn.XLOOKUP(B494,Detail!$G$1:$G$1001,Detail!$B$1:$B$1001) -> AB-
A495: 3 | B495: =CONCATENATE("D",TEXT(A495,"0000")) -> D0003 | C495: Biologi | D495: =VLOOKUP(B495,Detail!$G$1:$H$1001,2,FALSE) -> Cakrawangsa Adriansyah | E495: 89 | F495: 48 | G495: 36 | H495: 73 | I495: 82 | J495: 67 | K495: 79 | L495: =IFERROR(VLOOKUP(B495,Absen!$A$1:$C$501,2,FALSE),"No") -> 44762 | M495: =IF(L495="no",K495,K495-10)*10% -> 6.9 | N495: =SUM(E495*12.5%,F495*12.5%,H495*12.5%,I495*12.5%,G495*20%,J495*20%,M495) -> 64 | O495: =VLOOKUP(N495,Helper!$B$30:$C$35,2,TRUE) -> C | P495: =INDEX(Detail!$A$1:$A$1001,MATCH(B495,Detail!$G$1:$G$1001,0)) -> 37865 | Q495: =INDEX(Detail!$F$1:$F$1001,MATCH(Main!B495,Detail!$G$1:$G$1001,0)) -> Malang | R495: =INDEX(Detail!$C$1:$C$1001,MATCH(B495,Detail!$G$1:$G$1001,0),1) -> 167 | S495: =INDEX(Detail!$D$1:$D$1001,MATCH(B495,Detail!$G$1:$G$1001,0),1) -> 56 | T495: =INDEX(Detail!$E$1:$E$1001,MATCH(Main!B495,Detail!$G$1:$G$1001,0)) -> Jl. Jayawijaya No. 7 | U495: =INDEX(Detail!$B$1:$B$1001,MATCH(B495,Detail!$G$1:$G$1001,0),1) -> O+ | V495: {=INDEX(Dosen!$B$3:$E$8,MATCH(Main!C495,Dosen!$A$3:$A$8,0),IF(AND(Main!A495>=1,Main!A495<=250),1,IF(AND(Main!A495>=251,Main!A495<=500),2,IF(AND(Main!A495>=501,Main!A495<=750),3,4))))} -> Bu Ratna | W495: =_xlfn.XLOOKUP(B495,Detail!$G$1:$G$1001,Detail!$B$1:$B$1001) -> O+
A496: 4 | B496: =CONCATENATE("D",TEXT(A496,"0000")) -> D0004 | C496: Biologi | D496: =VLOOKUP(B496,Detail!$G$1:$H$1001,2,FALSE) -> Daliono Sudiati | E496: 78 | F496: 44 | G496: 36 | H496: 74 | I496: 59 | J496: 90 | K496: 100 | L496: =IFERROR(VLOOKUP(B496,Absen!$A$1:$C$501,2,FALSE),"No") -> No | M496: =IF(L496="no",K496,K496-10)*10% -> 10 | N496: =SUM(E496*12.5%,F496*12.5%,H496*12.5%,I496*12.5%,G496*20%,J496*20%,M496) -> 67.075 | O496: =VLOOKUP(N496,Helper!$B$30:$C$35,2,TRUE) -> C | P496: =INDEX(Detail!$A$1:$A$1001,MATCH(B496,Detail!$G$1:$G$1001,0)) -> 37613 | Q496: =INDEX(Detail!$F$1:$F$1001,MATCH(Main!B496,Detail!$G$1:$G$1001,0)) -> Padangpanjang | R496: =INDEX(Detail!$C$1:$C$1001,MATCH(B496,Detail!$G$1:$G$1001,0),1) -> 176 | S496: =INDEX(Detail!$D$1:$D$1001,MATCH(B496,Detail!$G$1:$G$1001,0),1) -> 63 | T496: =INDEX(Detail!$E$1:$E$1001,MATCH(Main!B496,Detail!$G$1:$G$1001,0)) -> Gang Ahmad Dahlan No. 7 | U496: =INDEX(Detail!$B$1:$B$1001,MATCH(B496,Detail!$G$1:$G$1001,0),1) -> B+ | V496: {=INDEX(Dosen!$B$3:$E$8,MATCH(Main!C496,Dosen!$A$3:$A$8,0),IF(AND(Main!A496>=1,Main!A496<=250),1,IF(AND(Main!A496>=251,Main!A496<=500),2,IF(AND(Main!A496>=501,Main!A496<=750),3,4))))} -> Bu Ratna | W496: =_xlfn.XLOOKUP(B496,Detail!$G$1:$G$1001,Detail!$B$1:$B$1001) -> B+
A497: 5 | B497: =CONCATENATE("D",TEXT(A497,"0000")) -> D0005 | C497: Biologi | D497: =VLOOKUP(B497,Detail!$G$1:$H$1001,2,FALSE) -> Ilsa Hakim | E497: 73 | F497: 48 | G497: 35 | H497: 62 | I497: 72 | J497: 51 | K497: 70 | L497: =IFERROR(VLOOKUP(B497,Absen!$A$1:$C$501,2,FALSE),"No") -> 44771 | M497: =IF(L497="no",K497,K497-10)*10% -> 6 | N497: =SUM(E497*12.5%,F497*12.5%,H497*12.5%,I497*12.5%,G497*20%,J497*20%,M497) -> 55.075 | O497: =VLOOKUP(N497,Helper!$B$30:$C$35,2,TRUE) -> D | P497: =INDEX(Detail!$A$1:$A$1001,MATCH(B497,Detail!$G$1:$G$1001,0)) -> 37464 | Q497: =INDEX(Detail!$F$1:$F$1001,MATCH(Main!B497,Detail!$G$1:$G$1001,0)) -> Langsa | R497: =INDEX(Detail!$C$1:$C$1001,MATCH(B497,Detail!$G$1:$G$1001,0),1) -> 165 | S497: =INDEX(Detail!$D$1:$D$1001,MATCH(B497,Detail!$G$1:$G$1001,0),1) -> 49 | T497: =INDEX(Detail!$E$1:$E$1001,MATCH(Main!B497,Detail!$G$1:$G$1001,0)) -> Gg. Pasteur No. 47 | U497: =INDEX(Detail!$B$1:$B$1001,MATCH(B497,Detail!$G$1:$G$1001,0),1) -> A+ | V497: {=INDEX(Dosen!$B$3:$E$8,MATCH(Main!C497,Dosen!$A$3:$A$8,0),IF(AND(Main!A497>=1,Main!A497<=250),1,IF(AND(Main!A497>=251,Main!A497<=500),2,IF(AND(Main!A497>=501,Main!A497<=750),3,4))))} -> Bu Ratna | W497: =_xlfn.XLOOKUP(B497,Detail!$G$1:$G$1001,Detail!$B$1:$B$1001) -> A+
A498: 6 | B498: =CONCATENATE("D",TEXT(A498,"0000")) -> D0006 | C498: Biologi | D498: =VLOOKUP(B498,Detail!$G$1:$H$1001,2,FALSE) -> Artawan Lazuardi | E498: 77 | F498: 53 | G498: 94 | H498: 65 | I498: 70 | J498: 57 | K498: 71 | L498: =IFERROR(VLOOKUP(B498,Absen!$A$1:$C$501,2,FALSE),"No") -> No | M498: =IF(L498="no",K498,K498-10)*10% -> 7.1 | N498: =SUM(E498*12.5%,F498*12.5%,H498*12.5%,I498*12.5%,G498*20%,J498*20%,M498) -> 70.425 | O498: =VLOOKUP(N498,Helper!$B$30:$C$35,2,TRUE) -> B | P498: =INDEX(Detail!$A$1:$A$1001,MATCH(B498,Detail!$G$1:$G$1001,0)) -> 38070 | Q498: =INDEX(Detail!$F$1:$F$1001,MATCH(Main!B498,Detail!$G$1:$G$1001,0)) -> Kota Administrasi Jakarta Timur | R498: =INDEX(Detail!$C$1:$C$1001,MATCH(B498,Detail!$G$1:$G$1001,0),1) -> 178 | S498: =INDEX(Detail!$D$1:$D$1001,MATCH(B498,Detail!$G$1:$G$1001,0),1) -> 49 | T498: =INDEX(Detail!$E$1:$E$1001,MATCH(Main!B498,Detail!$G$1:$G$1001,0)) -> Jalan Wonoayu No. 5 | U498: =INDEX(Detail!$B$1:$B$1001,MATCH(B498,Detail!$G$1:$G$1001,0),1) -> B- | V498: {=INDEX(Dosen!$B$3:$E$8,MATCH(Main!C498,Dosen!$A$3:$A$8,0),IF(AND(Main!A498>=1,Main!A498<=250),1,IF(AND(Main!A498>=251,Main!A498<=500),2,IF(AND(Main!A498>=501,Main!A498<=750),3,4))))} -> Bu Ratna | W498: =_xlfn.XLOOKUP(B498,Detail!$G$1:$G$1001,Detail!$B$1:$B$1001) -> B-
A499: 7 | B499: =CONCATENATE("D",TEXT(A499,"0000")) -> D0007 | C499: Biologi | D499: =VLOOKUP(B499,Detail!$G$1:$H$1001,2,FALSE) -> Jatmiko Nasyidah | E499: 58 | F499: 61 | G499: 95 | H499: 54 | I499: 77 | J499: 65 | K499: 87 | L499: =IFERROR(VLOOKUP(B499,Absen!$A$1:$C$501,2,FALSE),"No") -> No | M499: =IF(L499="no",K499,K499-10)*10% -> 8.7 | N499: =SUM(E499*12.5%,F499*12.5%,H499*12.5%,I499*12.5%,G499*20%,J499*20%,M499) -> 71.95 | O499: =VLOOKUP(N499,Helper!$B$30:$C$35,2,TRUE) -> B | P499: =INDEX(Detail!$A$1:$A$1001,MATCH(B499,Detail!$G$1:$G$1001,0)) -> 37117 | Q499: =INDEX(Detail!$F$1:$F$1001,MATCH(Main!B499,Detail!$G$1:$G$1001,0)) -> Sibolga | R499: =INDEX(Detail!$C$1:$C$1001,MATCH(B499,Detail!$G$1:$G$1001,0),1) -> 170 | S499: =INDEX(Detail!$D$1:$D$1001,MATCH(B499,Detail!$G$1:$G$1001,0),1) -> 48 | T499: =INDEX(Detail!$E$1:$E$1001,MATCH(Main!B499,Detail!$G$1:$G$1001,0)) -> Jl. Cikutra Timur No. 25 | U499: =INDEX(Detail!$B$1:$B$1001,MATCH(B499,Detail!$G$1:$G$1001,0),1) -> O- | V499: {=INDEX(Dosen!$B$3:$E$8,MATCH(Main!C499,Dosen!$A$3:$A$8,0),IF(AND(Main!A499>=1,Main!A499<=250),1,IF(AND(Main!A499>=251,Main!A499<=500),2,IF(AND(Main!A499>=501,Main!A499<=750),3,4))))} -> Bu Ratna | W499: =_xlfn.XLOOKUP(B499,Detail!$G$1:$G$1001,Detail!$B$1:$B$1001) -> O-
A500: 24 | B500: =CONCATENATE("D",TEXT(A500,"0000")) -> D0024 | C500: Biologi | D500: =VLOOKUP(B500,Detail!$G$1:$H$1001,2,FALSE) -> Kajen Pudjiastuti | E500: 56 | F500: 57 | G500: 59 | H500: 56 | I500: 83 | J500: 48 | K500: 68 | L500: =IFERROR(VLOOKUP(B500,Absen!$A$1:$C$501,2,FALSE),"No") -> No | M500: =IF(L500="no",K500,K500-10)*10% -> 6.8 | N500: =SUM(E500*12.5%,F500*12.5%,H500*12.5%,I500*12.5%,G500*20%,J500*20%,M500) -> 59.7 | O500: =VLOOKUP(N500,Helper!$B$30:$C$35,2,TRUE) -> D | P500: =INDEX(Detail!$A$1:$A$1001,MATCH(B500,Detail!$G$1:$G$1001,0)) -> 37270 | Q500: =INDEX(Detail!$F$1:$F$1001,MATCH(Main!B500,Detail!$G$1:$G$1001,0)) -> Kendari | R500: =INDEX(Detail!$C$1:$C$1001,MATCH(B500,Detail!$G$1:$G$1001,0),1) -> 158 | S500: =INDEX(Detail!$D$1:$D$1001,MATCH(B500,Detail!$G$1:$G$1001,0),1) -> 56 | T500: =INDEX(Detail!$E$1:$E$1001,MATCH(Main!B500,Detail!$G$1:$G$1001,0)) -> Gg. Erlangga No. 6 | U500: =INDEX(Detail!$B$1:$B$1001,MATCH(B500,Detail!$G$1:$G$1001,0),1) -> AB+ | V500: {=INDEX(Dosen!$B$3:$E$8,MATCH(Main!C500,Dosen!$A$3:$A$8,0),IF(AND(Main!A500>=1,Main!A500<=250),1,IF(AND(Main!A500>=251,Main!A500<=500),2,IF(AND(Main!A500>=501,Main!A500<=750),3,4))))} -> Bu Ratna | W500: =_xlfn.XLOOKUP(B500,Detail!$G$1:$G$1001,Detail!$B$1:$B$1001) -> AB+
A501: 27 | B501: =CONCATENATE("D",TEXT(A501,"0000")) -> D0027 | C501: Biologi | D501: =VLOOKUP(B501,Detail!$G$1:$H$1001,2,FALSE) -> Danang Pratiwi | E501: 77 | F501: 54 | G501: 72 | H501: 52 | I501: 82 | J501: 73 | K501: 89 | L501: =IFERROR(VLOOKUP(B501,Absen!$A$1:$C$501,2,FALSE),"No") -> 44824 | M501: =IF(L501="no",K501,K501-10)*10% -> 7.9 | N501: =SUM(E501*12.5%,F501*12.5%,H501*12.5%,I501*12.5%,G501*20%,J501*20%,M501) -> 70.025 | O501: =VLOOKUP(N501,Helper!$B$30:$C$35,2,TRUE) -> B | P501: =INDEX(Detail!$A$1:$A$1001,MATCH(B501,Detail!$G$1:$G$1001,0)) -> 37067 | Q501: =INDEX(Detail!$F$1:$F$1001,MATCH(Main!B501,Detail!$G$1:$G$1001,0)) -> Tarakan | R501: =INDEX(Detail!$C$1:$C$1001,MATCH(B501,Detail!$G$1:$G$1001,0),1) -> 153 | S501: =INDEX(Detail!$D$1:$D$1001,MATCH(B501,Detail!$G$1:$G$1001,0),1) -> 84 | T501: =INDEX(Detail!$E$1:$E$1001,MATCH(Main!B501,Detail!$G$1:$G$1001,0)) -> Gang Pelajar Pejuang No. 49 | U501: =INDEX(Detail!$B$1:$B$1001,MATCH(B501,Detail!$G$1:$G$1001,0),1) -> AB- | V501: {=INDEX(Dosen!$B$3:$E$8,MATCH(Main!C501,Dosen!$A$3:$A$8,0),IF(AND(Main!A501>=1,Main!A501<=250),1,IF(AND(Main!A501>=251,Main!A501<=500),2,IF(AND(Main!A501>=501,Main!A501<=750),3,4))))} -> Bu Ratna | W501: =_xlfn.XLOOKUP(B501,Detail!$G$1:$G$1001,Detail!$B$1:$B$1001) -> AB-
A502: 39 | B502: =CONCATENATE("D",TEXT(A502,"0000")) -> D0039 | C502: Biologi | D502: =VLOOKUP(B502,Detail!$G$1:$H$1001,2,FALSE) -> Dinda Pranowo | E502: 72 | F502: 48 | G502: 71 | H502: 71 | I502: 81 | J502: 44 | K502: 68 | L502: =IFERROR(VLOOKUP(B502,Absen!$A$1:$C$501,2,FALSE),"No") -> 44764 | M502: =IF(L502="no",K502,K502-10)*10% -> 5.8 | N502: =SUM(E502*12.5%,F502*12.5%,H502*12.5%,I502*12.5%,G502*20%,J502*20%,M502) -> 62.8 | O502: =VLOOKUP(N502,Helper!$B$30:$C$35,2,TRUE) -> C | P502: =INDEX(Detail!$A$1:$A$1001,MATCH(B502,Detail!$G$1:$G$1001,0)) -> 38232 | Q502: =INDEX(Detail!$F$1:$F$1001,MATCH(Main!B502,Detail!$G$1:$G$1001,0)) -> Tangerang | R502: =INDEX(Detail!$C$1:$C$1001,MATCH(B502,Detail!$G$1:$G$1001,0),1) -> 171 | S502: =INDEX(Detail!$D$1:$D$1001,MATCH(B502,Detail!$G$1:$G$1001,0),1) -> 68 | T502: =INDEX(Detail!$E$1:$E$1001,MATCH(Main!B502,Detail!$G$1:$G$1001,0)) -> Gg. Dipatiukur No. 10 | U502: =INDEX(Detail!$B$1:$B$1001,MATCH(B502,Detail!$G$1:$G$1001,0),1) -> B+ | V502: {=INDEX(Dosen!$B$3:$E$8,MATCH(Main!C502,Dosen!$A$3:$A$8,0),IF(AND(Main!A502>=1,Main!A502<=250),1,IF(AND(Main!A502>=251,Main!A502<=500),2,IF(AND(Main!A502>=501,Main!A502<=750),3,4))))} -> Bu Ratna | W502: =_xlfn.XLOOKUP(B502,Detail!$G$1:$G$1001,Detail!$B$1:$B$1001) -> B+
A503: 44 | B503: =CONCATENATE("D",TEXT(A503,"0000")) -> D0044 | C503: Biologi | D503: =VLOOKUP(B503,Detail!$G$1:$H$1001,2,FALSE) -> Restu Wibisono | E503: 90 | F503: 43 | G503: 52 | H503: 71 | I503: 63 | J503: 83 | K503: 100 | L503: =IFERROR(VLOOKUP(B503,Absen!$A$1:$C$501,2,FALSE),"No") -> 44888 | M503: =IF(L503="no",K503,K503-10)*10% -> 9 | N503: =SUM(E503*12.5%,F503*12.5%,H503*12.5%,I503*12.5%,G503*20%,J503*20%,M503) -> 69.375 | O503: =VLOOKUP(N503,Helper!$B$30:$C$35,2,TRUE) -> C | P503: =INDEX(Detail!$A$1:$A$1001,MATCH(B503,Detail!$G$1:$G$1001,0)) -> 37202 | Q503: =INDEX(Detail!$F$1:$F$1001,MATCH(Main!B503,Detail!$G$1:$G$1001,0)) -> Bengkulu | R503: =INDEX(Detail!$C$1:$C$1001,MATCH(B503,Detail!$G$1:$G$1001,0),1) -> 163 | S503: =INDEX(Detail!$D$1:$D$1001,MATCH(B503,Detail!$G$1:$G$1001,0),1) -> 51 | T503: =INDEX(Detail!$E$1:$E$1001,MATCH(Main!B503,Detail!$G$1:$G$1001,0)) -> Gang BKR No. 08 | U503: =INDEX(Detail!$B$1:$B$1001,MATCH(B503,Detail!$G$1:$G$1001,0),1) -> A+ | V503: {=INDEX(Dosen!$B$3:$E$8,MATCH(Main!C503,Dosen!$A$3:$A$8,0),IF(AND(Main!A503>=1,Main!A503<=250),1,IF(AND(Main!A503>=251,Main!A503<=500),2,IF(AND(Main!A503>=501,Main!A503<=750),3,4))))} -> Bu Ratna | W503: =_xlfn.XLOOKUP(B503,Detail!$G$1:$G$1001,Detail!$B$1:$B$1001) -> A+
A504: 52 | B504: =CONCATENATE("D",TEXT(A504,"0000")) -> D0052 | C504: Biologi | D504: =VLOOKUP(B504,Detail!$G$1:$H$1001,2,FALSE) -> Muhammad Suryatmi | E504: 63 | F504: 73 | G504: 37 | H504: 69 | I504: 82 | J504: 70 | K504: 94 | L504: =IFERROR(VLOOKUP(B504,Absen!$A$1:$C$501,2,FALSE),"No") -> No | M504: =IF(L504="no",K504,K504-10)*10% -> 9.4 | N504: =SUM(E504*12.5%,F504*12.5%,H504*12.5%,I504*12.5%,G504*20%,J504*20%,M504) -> 66.675 | O504: =VLOOKUP(N504,Helper!$B$30:$C$35,2,TRUE) -> C | P504: =INDEX(Detail!$A$1:$A$1001,MATCH(B504,Detail!$G$1:$G$1001,0)) -> 38077 | Q504: =INDEX(Detail!$F$1:$F$1001,MATCH(Main!B504,Detail!$G$1:$G$1001,0)) -> Pontianak | R504: =INDEX(Detail!$C$1:$C$1001,MATCH(B504,Detail!$G$1:$G$1001,0),1) -> 164 | S504: =INDEX(Detail!$D$1:$D$1001,MATCH(B504,Detail!$G$1:$G$1001,0),1) -> 78 | T504: =INDEX(Detail!$E$1:$E$1001,MATCH(Main!B504,Detail!$G$1:$G$1001,0)) -> Gg. Kendalsari No. 59 | U504: =INDEX(Detail!$B$1:$B$1001,MATCH(B504,Detail!$G$1:$G$1001,0),1) -> O- | V504: {=INDEX(Dosen!$B$3:$E$8,MATCH(Main!C504,Dosen!$A$3:$A$8,0),IF(AND(Main!A504>=1,Main!A504<=250),1,IF(AND(Main!A504>=251,Main!A504<=500),2,IF(AND(Main!A504>=501,Main!A504<=750),3,4))))} -> Bu Ratna | W504: =_xlfn.XLOOKUP(B504,Detail!$G$1:$G$1001,Detail!$B$1:$B$1001) -> O-
... A678: 995 | B678: =CONCATENATE("D",TEXT(A678,"0000")) -> D0995 | C678: Biologi | D678: =VLOOKUP(B678,Detail!$G$1:$H$1001,2,FALSE) -> Malik Tampubolon | E678: 59 | F678: 43 | G678: 43 | H678: 61 | I678: 75 | J678: 53 | K678: 89 | L678: =IFERROR(VLOOKUP(B678,Absen!$A$1:$C$501,2,FALSE),"No") -> 44798 | M678: =IF(L678="no",K678,K678-10)*10% -> 7.9 | N678: =SUM(E678*12.5%,F678*12.5%,H678*12.5%,I678*12.5%,G678*20%,J678*20%,M678) -> 56.85 | O678: =VLOOKUP(N678,Helper!$B$30:$C$35,2,TRUE) -> D | P678: =INDEX(Detail!$A$1:$A$1001,MATCH(B678,Detail!$G$1:$G$1001,0)) -> 38376 | Q678: =INDEX(Detail!$F$1:$F$1001,MATCH(Main!B678,Detail!$G$1:$G$1001,0)) -> Tual | R678: =INDEX(Detail!$C$1:$C$1001,MATCH(B678,Detail!$G$1:$G$1001,0),1) -> 160 | S678: =INDEX(Detail!$D$1:$D$1001,MATCH(B678,Detail!$G$1:$G$1001,0),1) -> 65 | T678: =INDEX(Detail!$E$1:$E$1001,MATCH(Main!B678,Detail!$G$1:$G$1001,0)) -> Gg. PHH. Mustofa No. 2 | U678: =INDEX(Detail!$B$1:$B$1001,MATCH(B678,Detail!$G$1:$G$1001,0),1) -> B- | V678: {=INDEX(Dosen!$B$3:$E$8,MATCH(Main!C678,Dosen!$A$3:$A$8,0),IF(AND(Main!A678>=1,Main!A678<=250),1,IF(AND(Main!A678>=251,Main!A678<=500),2,IF(AND(Main!A678>=501,Main!A678<=750),3,4))))} -> Bu Made | W678: =_xlfn.XLOOKUP(B678,Detail!$G$1:$G$1001,Detail!$B$1:$B$1001) -> B-
A679: 10 | B679: =CONCATENATE("E",TEXT(A679,"0000")) -> E0010 | C679: Statistika | D679: =VLOOKUP(B679,Detail!$G$1:$H$1001,2,FALSE) -> Wardi Hasanah | E679: 59 | F679: 63 | G679: 91 | H679: 67 | I679: 67 | J679: 89 | K679: 96 | L679: =IFERROR(VLOOKUP(B679,Absen!$A$1:$C$501,2,FALSE),"No") -> No | M679: =IF(L679="no",K679,K679-10)*10% -> 9.6 | N679: =SUM(E679*12.5%,F679*12.5%,H679*12.5%,I679*12.5%,G679*20%,J679*20%,M679) -> 77.6 | O679: =VLOOKUP(N679,Helper!$B$30:$C$35,2,TRUE) -> B | P679: =INDEX(Detail!$A$1:$A$1001,MATCH(B679,Detail!$G$1:$G$1001,0)) -> 37028 | Q679: =INDEX(Detail!$F$1:$F$1001,MATCH(Main!B679,Detail!$G$1:$G$1001,0)) -> Pangkalpinang | R679: =INDEX(Detail!$C$1:$C$1001,MATCH(B679,Detail!$G$1:$G$1001,0),1) -> 178 | S679: =INDEX(Detail!$D$1:$D$1001,MATCH(B679,Detail!$G$1:$G$1001,0),1) -> 70 | T679: =INDEX(Detail!$E$1:$E$1001,MATCH(Main!B679,Detail!$G$1:$G$1001,0)) -> Gg. KH Amin Jasuta No. 20 | U679: =INDEX(Detail!$B$1:$B$1001,MATCH(B679,Detail!$G$1:$G$1001,0),1) -> O- | V679: {=INDEX(Dosen!$B$3:$E$8,MATCH(Main!C679,Dosen!$A$3:$A$8,0),IF(AND(Main!A679>=1,Main!A679<=250),1,IF(AND(Main!A679>=251,Main!A679<=500),2,IF(AND(Main!A679>=501,Main!A679<=750),3,4))))} -> Bu Made | W679: =_xlfn.XLOOKUP(B679,Detail!$G$1:$G$1001,Detail!$B$1:$B$1001) -> O-
A680: 13 | B680: =CONCATENATE("E",TEXT(A680,"0000")) -> E0013 | C680: Statistika | D680: =VLOOKUP(B680,Detail!$G$1:$H$1001,2,FALSE) -> Zulaikha Hasanah | E680: 87 | F680: 62 | G680: 79 | H680: 53 | I680: 76 | J680: 99 | K680: 67 | L680: =IFERROR(VLOOKUP(B680,Absen!$A$1:$C$501,2,FALSE),"No") -> No | M680: =IF(L680="no",K680,K680-10)*10% -> 6.7 | N680: =SUM(E680*12.5%,F680*12.5%,H680*12.5%,I680*12.5%,G680*20%,J680*20%,M680) -> 77.05 | O680: =VLOOKUP(N680,Helper!$B$30:$C$35,2,TRUE) -> B | P680: =INDEX(Detail!$A$1:$A$1001,MATCH(B680,Detail!$G$1:$G$1001,0)) -> 37641 | Q680: =INDEX(Detail!$F$1:$F$1001,MATCH(Main!B680,Detail!$G$1:$G$1001,0)) -> Cilegon | R680: =INDEX(Detail!$C$1:$C$1001,MATCH(B680,Detail!$G$1:$G$1001,0),1) -> 179 | S680: =INDEX(Detail!$D$1:$D$1001,MATCH(B680,Detail!$G$1:$G$1001,0),1) -> 76 | T680: =INDEX(Detail!$E$1:$E$1001,MATCH(Main!B680,Detail!$G$1:$G$1001,0)) -> Jalan S. Parman No. 85 | U680: =INDEX(Detail!$B$1:$B$1001,MATCH(B680,Detail!$G$1:$G$1001,0),1) -> O+ | V680: {=INDEX(Dosen!$B$3:$E$8,MATCH(Main!C680,Dosen!$A$3:$A$8,0),IF(AND(Main!A680>=1,Main!A680<=250),1,IF(AND(Main!A680>=251,Main!A680<=500),2,IF(AND(Main!A680>=501,Main!A680<=750),3,4))))} -> Bu Made | W680: =_xlfn.XLOOKUP(B680,Detail!$G$1:$G$1001,Detail!$B$1:$B$1001) -> O+
A681: 14 | B681: =CONCATENATE("E",TEXT(A681,"0000")) -> E0014 | C681: Statistika | D681: =VLOOKUP(B681,Detail!$G$1:$H$1001,2,FALSE) -> Mahdi Prasetyo | E681: 86 | F681: 69 | G681: 85 | H681: 62 | I681: 73 | J681: 92 | K681: 66 | L681: =IFERROR(VLOOKUP(B681,Absen!$A$1:$C$501,2,FALSE),"No") -> 44879 | M681: =IF(L681="no",K681,K681-10)*10% -> 5.6 | N681: =SUM(E681*12.5%,F681*12.5%,H681*12.5%,I681*12.5%,G681*20%,J681*20%,M681) -> 77.25 | O681: =VLOOKUP(N681,Helper!$B$30:$C$35,2,TRUE) -> B | P681: =INDEX(Detail!$A$1:$A$1001,MATCH(B681,Detail!$G$1:$G$1001,0)) -> 37139 | Q681: =INDEX(Detail!$F$1:$F$1001,MATCH(Main!B681,Detail!$G$1:$G$1001,0)) -> Kotamobagu | R681: =INDEX(Detail!$C$1:$C$1001,MATCH(B681,Detail!$G$1:$G$1001,0),1) -> 166 | S681: =INDEX(Detail!$D$1:$D$1001,MATCH(B681,Detail!$G$1:$G$1001,0),1) -> 60 | T681: =INDEX(Detail!$E$1:$E$1001,MATCH(Main!B681,Detail!$G$1:$G$1001,0)) -> Jl. Jamika No. 98 | U681: =INDEX(Detail!$B$1:$B$1001,MATCH(B681,Detail!$G$1:$G$1001,0),1) -> B+ | V681: {=INDEX(Dosen!$B$3:$E$8,MATCH(Main!C681,Dosen!$A$3:$A$8,0),IF(AND(Main!A681>=1,Main!A681<=250),1,IF(AND(Main!A681>=251,Main!A681<=500),2,IF(AND(Main!A681>=501,Main!A681<=750),3,4))))} -> Bu Made | W681: =_xlfn.XLOOKUP(B681,Detail!$G$1:$G$1001,Detail!$B$1:$B$1001) -> B+
A682: 18 | B682: =CONCATENATE("E",TEXT(A682,"0000")) -> E0018 | C682: Statistika | D682: =VLOOKUP(B682,Detail!$G$1:$H$1001,2,FALSE) -> Artanto Sitorus | E682: 53 | F682: 41 | G682: 64 | H682: 57 | I682: 80 | J682: 74 | K682: 95 | L682: =IFERROR(VLOOKUP(B682,Absen!$A$1:$C$501,2,FALSE),"No") -> No | M682: =IF(L682="no",K682,K682-10)*10% -> 9.5 | N682: =SUM(E682*12.5%,F682*12.5%,H682*12.5%,I682*12.5%,G682*20%,J682*20%,M682) -> 65.975 | O682: =VLOOKUP(N682,Helper!$B$30:$C$35,2,TRUE) -> C | P682: =INDEX(Detail!$A$1:$A$1001,MATCH(B682,Detail!$G$1:$G$1001,0)) -> 38096 | Q682: =INDEX(Detail!$F$1:$F$1001,MATCH(Main!B682,Detail!$G$1:$G$1001,0)) -> Kota Administrasi Jakarta Timur | R682: =INDEX(Detail!$C$1:$C$1001,MATCH(B682,Detail!$G$1:$G$1001,0),1) -> 150 | S682: =INDEX(Detail!$D$1:$D$1001,MATCH(B682,Detail!$G$1:$G$1001,0),1) -> 83 | T682: =INDEX(Detail!$E$1:$E$1001,MATCH(Main!B682,Detail!$G$1:$G$1001,0)) -> Jl. M.T Haryono No. 56 | U682: =INDEX(Detail!$B$1:$B$1001,MATCH(B682,Detail!$G$1:$G$1001,0),1) -> O+ | V682: {=INDEX(Dosen!$B$3:$E$8,MATCH(Main!C682,Dosen!$A$3:$A$8,0),IF(AND(Main!A682>=1,Main!A682<=250),1,IF(AND(Main!A682>=251,Main!A682<=500),2,IF(AND(Main!A682>=501,Main!A682<=750),3,4))))} -> Bu Made | W682: =_xlfn.XLOOKUP(B682,Detail!$G$1:$G$1001,Detail!$B$1:$B$1001) -> O+
A683: 21 | B683: =CONCATENATE("E",TEXT(A683,"0000")) -> E0021 | C683: Statistika | D683: =VLOOKUP(B683,Detail!$G$1:$H$1001,2,FALSE) -> Asmuni Nainggolan | E683: 75 | F683: 42 | G683: 35 | H683: 65 | I683: 86 | J683: 94 | K683: 96 | L683: =IFERROR(VLOOKUP(B683,Absen!$A$1:$C$501,2,FALSE),"No") -> 44863 | M683: =IF(L683="no",K683,K683-10)*10% -> 8.6 | N683: =SUM(E683*12.5%,F683*12.5%,H683*12.5%,I683*12.5%,G683*20%,J683*20%,M683) -> 67.9 | O683: =VLOOKUP(N683,Helper!$B$30:$C$35,2,TRUE) -> C | P683: =INDEX(Detail!$A$1:$A$1001,MATCH(B683,Detail!$G$1:$G$1001,0)) -> 37098 | Q683: =INDEX(Detail!$F$1:$F$1001,MATCH(Main!B683,Detail!$G$1:$G$1001,0)) -> Cirebon | R683: =INDEX(Detail!$C$1:$C$1001,MATCH(B683,Detail!$G$1:$G$1001,0),1) -> 172 | S683: =INDEX(Detail!$D$1:$D$1001,MATCH(B683,Detail!$G$1:$G$1001,0),1) -> 49 | T683: =INDEX(Detail!$E$1:$E$1001,MATCH(Main!B683,Detail!$G$1:$G$1001,0)) -> Jl. Asia Afrika No. 4 | U683: =INDEX(Detail!$B$1:$B$1001,MATCH(B683,Detail!$G$1:$G$1001,0),1) -> O- | V683: {=INDEX(Dosen!$B$3:$E$8,MATCH(Main!C683,Dosen!$A$3:$A$8,0),IF(AND(Main!A683>=1,Main!A683<=250),1,IF(AND(Main!A683>=251,Main!A683<=500),2,IF(AND(Main!A683>=501,Main!A683<=750),3,4))))} -> Bu Made | W683: =_xlfn.XLOOKUP(B683,Detail!$G$1:$G$1001,Detail!$B$1:$B$1001) -> O-
A684: 28 | B684: =CONCATENATE("E",TEXT(A684,"0000")) -> E0028 | C684: Statistika | D684: =VLOOKUP(B684,Detail!$G$1:$H$1001,2,FALSE) -> Putu Manullang | E684: 68 | F684: 66 | G684: 34 | H684: 66 | I684: 73 | J684: 92 | K684: 86 | L684: =IFERROR(VLOOKUP(B684,Absen!$A$1:$C$501,2,FALSE),"No") -> No | M684: =IF(L684="no",K684,K684-10)*10% -> 8.6 | N684: =SUM(E684*12.5%,F684*12.5%,H684*12.5%,I684*12.5%,G684*20%,J684*20%,M684) -> 67.925 | O684: =VLOOKUP(N684,Helper!$B$30:$C$35,2,TRUE) -> C | P684: =INDEX(Detail!$A$1:$A$1001,MATCH(B684,Detail!$G$1:$G$1001,0)) -> 37047 | Q684: =INDEX(Detail!$F$1:$F$1001,MATCH(Main!B684,Detail!$G$1:$G$1001,0)) -> Kota Administrasi Jakarta Timur | R684: =INDEX(Detail!$C$1:$C$1001,MATCH(B684,Detail!$G$1:$G$1001,0),1) -> 172 | S684: =INDEX(Detail!$D$1:$D$1001,MATCH(B684,Detail!$G$1:$G$1001,0),1) -> 85 | T684: =INDEX(Detail!$E$1:$E$1001,MATCH(Main!B684,Detail!$G$1:$G$1001,0)) -> Jalan Abdul Muis No. 57 | U684: =INDEX(Detail!$B$1:$B$1001,MATCH(B684,Detail!$G$1:$G$1001,0),1) -> O- | V684: {=INDEX(Dosen!$B$3:$E$8,MATCH(Main!C684,Dosen!$A$3:$A$8,0),IF(AND(Main!A684>=1,Main!A684<=250),1,IF(AND(Main!A684>=251,Main!A684<=500),2,IF(AND(Main!A684>=501,Main!A684<=750),3,4))))} -> Bu Made | W684: =_xlfn.XLOOKUP(B684,Detail!$G$1:$G$1001,Detail!$B$1:$B$1001) -> O-
A685: 32 | B685: =CONCATENATE("E",TEXT(A685,"0000")) -> E0032 | C685: Statistika | D685: =VLOOKUP(B685,Detail!$G$1:$H$1001,2,FALSE) -> Bakianto Tarihoran | E685: 95 | F685: 48 | G685: 88 | H685: 61 | I685: 91 | J685: 88 | K685: 82 | L685: =IFERROR(VLOOKUP(B685,Absen!$A$1:$C$501,2,FALSE),"No") -> 44895 | M685: =IF(L685="no",K685,K685-10)*10% -> 7.2 | N685: =SUM(E685*12.5%,F685*12.5%,H685*12.5%,I685*12.5%,G685*20%,J685*20%,M685) -> 79.275 | O685: =VLOOKUP(N685,Helper!$B$30:$C$35,2,TRUE) -> B | P685: =INDEX(Detail!$A$1:$A$1001,MATCH(B685,Detail!$G$1:$G$1001,0)) -> 37962 | Q685: =INDEX(Detail!$F$1:$F$1001,MATCH(Main!B685,Detail!$G$1:$G$1001,0)) -> Palangkaraya | R685: =INDEX(Detail!$C$1:$C$1001,MATCH(B685,Detail!$G$1:$G$1001,0),1) -> 151 | S685: =INDEX(Detail!$D$1:$D$1001,MATCH(B685,Detail!$G$1:$G$1001,0),1) -> 50 | T685: =INDEX(Detail!$E$1:$E$1001,MATCH(Main!B685,Detail!$G$1:$G$1001,0)) -> Jl. Sadang Serang No. 60 | U685: =INDEX(Detail!$B$1:$B$1001,MATCH(B685,Detail!$G$1:$G$1001,0),1) -> B+ | V685: {=INDEX(Dosen!$B$3:$E$8,MATCH(Main!C685,Dosen!$A$3:$A$8,0),IF(AND(Main!A685>=1,Main!A685<=250),1,IF(AND(Main!A685>=251,Main!A685<=500),2,IF(AND(Main!A685>=501,Main!A685<=750),3,4))))} -> Bu Made | W685: =_xlfn.XLOOKUP(B685,Detail!$G$1:$G$1001,Detail!$B$1:$B$1001) -> B+
A686: 43 | B686: =CONCATENATE("E",TEXT(A686,"0000")) -> E0043 | C686: Statistika | D686: =VLOOKUP(B686,Detail!$G$1:$H$1001,2,FALSE) -> Capa Usada | E686: 50 | F686: 41 | G686: 81 | H686: 57 | I686: 75 | J686: 43 | K686: 98 | L686: =IFERROR(VLOOKUP(B686,Absen!$A$1:$C$501,2,FALSE),"No") -> No | M686: =IF(L686="no",K686,K686-10)*10% -> 9.8 | N686: =SUM(E686*12.5%,F686*12.5%,H686*12.5%,I686*12.5%,G686*20%,J686*20%,M686) -> 62.475 | O686: =VLOOKUP(N686,Helper!$B$30:$C$35,2,TRUE) -> C | P686: =INDEX(Detail!$A$1:$A$1001,MATCH(B686,Detail!$G$1:$G$1001,0)) -> 37919 | Q686: =INDEX(Detail!$F$1:$F$1001,MATCH(Main!B686,Detail!$G$1:$G$1001,0)) -> Parepare | R686: =INDEX(Detail!$C$1:$C$1001,MATCH(B686,Detail!$G$1:$G$1001,0),1) -> 172 | S686: =INDEX(Detail!$D$1:$D$1001,MATCH(B686,Detail!$G$1:$G$1001,0),1) -> 56 | T686: =INDEX(Detail!$E$1:$E$1001,MATCH(Main!B686,Detail!$G$1:$G$1001,0)) -> Jalan Waringin No. 50 | U686: =INDEX(Detail!$B$1:$B$1001,MATCH(B686,Detail!$G$1:$G$1001,0),1) -> B- | V686: {=INDEX(Dosen!$B$3:$E$8,MATCH(Main!C686,Dosen!$A$3:$A$8,0),IF(AND(Main!A686>=1,Main!A686<=250),1,IF(AND(Main!A686>=251,Main!A686<=500),2,IF(AND(Main!A686>=501,Main!A686<=750),3,4))))} -> Bu Made | W686: =_xlfn.XLOOKUP(B686,Detail!$G$1:$G$1001,Detail!$B$1:$B$1001) -> B-
A687: 45 | B687: =CONCATENATE("E",TEXT(A687,"0000")) -> E0045 | C687: Statistika | D687: =VLOOKUP(B687,Detail!$G$1:$H$1001,2,FALSE) -> Tina Rahimah | E687: 89 | F687: 42 | G687: 56 | H687: 66 | I687: 56 | J687: 91 | K687: 72 | L687: =IFERROR(VLOOKUP(B687,Absen!$A$1:$C$501,2,FALSE),"No") -> 44852 | M687: =IF(L687="no",K687,K687-10)*10% -> 6.2 | N687: =SUM(E687*12.5%,F687*12.5%,H687*12.5%,I687*12.5%,G687*20%,J687*20%,M687) -> 67.225 | O687: =VLOOKUP(N687,Helper!$B$30:$C$35,2,TRUE) -> C | P687: =INDEX(Detail!$A$1:$A$1001,MATCH(B687,Detail!$G$1:$G$1001,0)) -> 37198 | Q687: =INDEX(Detail!$F$1:$F$1001,MATCH(Main!B687,Detail!$G$1:$G$1001,0)) -> Tual | R687: =INDEX(Detail!$C$1:$C$1001,MATCH(B687,Detail!$G$1:$G$1001,0),1) -> 174 | S687: =INDEX(Detail!$D$1:$D$1001,MATCH(B687,Detail!$G$1:$G$1001,0),1) -> 78 | T687: =INDEX(Detail!$E$1:$E$1001,MATCH(Main!B687,Detail!$G$1:$G$1001,0)) -> Gg. Suryakencana No. 91 | U687: =INDEX(Detail!$B$1:$B$1001,MATCH(B687,Detail!$G$1:$G$1001,0),1) -> B- | V687: {=INDEX(Dosen!$B$3:$E$8,MATCH(Main!C687,Dosen!$A$3:$A$8,0),IF(AND(Main!A687>=1,Main!A687<=250),1,IF(AND(Main!A687>=251,Main!A687<=500),2,IF(AND(Main!A687>=501,Main!A687<=750),3,4))))} -> Bu Made | W687: =_xlfn.XLOOKUP(B687,Detail!$G$1:$G$1001,Detail!$B$1:$B$1001) -> B-
A688: 46 | B688: =CONCATENATE("E",TEXT(A688,"0000")) -> E0046 | C688: Statistika | D688: =VLOOKUP(B688,Detail!$G$1:$H$1001,2,FALSE) -> Raihan Lailasari | E688: 66 | F688: 59 | G688: 30 | H688: 67 | I688: 57 | J688: 69 | K688: 62 | L688: =IFERROR(VLOOKUP(B688,Absen!$A$1:$C$501,2,FALSE),"No") -> No | M688: =IF(L688="no",K688,K688-10)*10% -> 6.2 | N688: =SUM(E688*12.5%,F688*12.5%,H688*12.5%,I688*12.5%,G688*20%,J688*20%,M688) -> 57.125 | O688: =VLOOKUP(N688,Helper!$B$30:$C$35,2,TRUE) -> D | P688: =INDEX(Detail!$A$1:$A$1001,MATCH(B688,Detail!$G$1:$G$1001,0)) -> 37923 | Q688: =INDEX(Detail!$F$1:$F$1001,MATCH(Main!B688,Detail!$G$1:$G$1001,0)) -> Banjarbaru | R688: =INDEX(Detail!$C$1:$C$1001,MATCH(B688,Detail!$G$1:$G$1001,0),1) -> 151 | S688: =INDEX(Detail!$D$1:$D$1001,MATCH(B688,Detail!$G$1:$G$1001,0),1) -> 94 | T688: =INDEX(Detail!$E$1:$E$1001,MATCH(Main!B688,Detail!$G$1:$G$1001,0)) -> Gg. PHH. Mustofa No. 57 | U688: =INDEX(Detail!$B$1:$B$1001,MATCH(B688,Detail!$G$1:$G$1001,0),1) -> AB+ | V688: {=INDEX(Dosen!$B$3:$E$8,MATCH(Main!C688,Dosen!$A$3:$A$8,0),IF(AND(Main!A688>=1,Main!A688<=250),1,IF(AND(Main!A688>=251,Main!A688<=500),2,IF(AND(Main!A688>=501,Main!A688<=750),3,4))))} -> Bu Made | W688: =_xlfn.XLOOKUP(B688,Detail!$G$1:$G$1001,Detail!$B$1:$B$1001) -> AB+
A689: 50 | B689: =CONCATENATE("E",TEXT(A689,"0000")) -> E0050 | C689: Statistika | D689: =VLOOKUP(B689,Detail!$G$1:$H$1001,2,FALSE) -> Cinthia Zulkarnain | E689: 82 | F689: 61 | G689: 43 | H689: 70 | I689: 94 | J689: 100 | K689: 94 | L689: =IFERROR(VLOOKUP(B689,Absen!$A$1:$C$501,2,FALSE),"No") -> 44804 | M689: =IF(L689="no",K689,K689-10)*10% -> 8.4 | N689: =SUM(E689*12.5%,F689*12.5%,H689*12.5%,I689*12.5%,G689*20%,J689*20%,M689) -> 75.375 | O689: =VLOOKUP(N689,Helper!$B$30:$C$35,2,TRUE) -> B | P689: =INDEX(Detail!$A$1:$A$1001,MATCH(B689,Detail!$G$1:$G$1001,0)) -> 37523 | Q689: =INDEX(Detail!$F$1:$F$1001,MATCH(Main!B689,Detail!$G$1:$G$1001,0)) -> Tangerang | R689: =INDEX(Detail!$C$1:$C$1001,MATCH(B689,Detail!$G$1:$G$1001,0),1) -> 160 | S689: =INDEX(Detail!$D$1:$D$1001,MATCH(B689,Detail!$G$1:$G$1001,0),1) -> 67 | T689: =INDEX(Detail!$E$1:$E$1001,MATCH(Main!B689,Detail!$G$1:$G$1001,0)) -> Gg. Surapati No. 82 | U689: =INDEX(Detail!$B$1:$B$1001,MATCH(B689,Detail!$G$1:$G$1001,0),1) -> A+ | V689: {=INDEX(Dosen!$B$3:$E$8,MATCH(Main!C689,Dosen!$A$3:$A$8,0),IF(AND(Main!A689>=1,Main!A689<=250),1,IF(AND(Main!A689>=251,Main!A689<=500),2,IF(AND(Main!A689>=501,Main!A689<=750),3,4))))} -> Bu Made | W689: =_xlfn.XLOOKUP(B689,Detail!$G$1:$G$1001,Detail!$B$1:$B$1001) -> A+
A690: 58 | B690: =CONCATENATE("E",TEXT(A690,"0000")) -> E0058 | C690: Statistika | D690: =VLOOKUP(B690,Detail!$G$1:$H$1001,2,FALSE) -> Lantar Melani | E690: 79 | F690: 67 | G690: 41 | H690: 55 | I690: 54 | J690: 69 | K690: 99 | L690: =IFERROR(VLOOKUP(B690,Absen!$A$1:$C$501,2,FALSE),"No") -> No | M690: =IF(L690="no",K690,K690-10)*10% -> 9.9 | N690: =SUM(E690*12.5%,F690*12.5%,H690*12.5%,I690*12.5%,G690*20%,J690*20%,M690) -> 63.775 | O690: =VLOOKUP(N690,Helper!$B$30:$C$35,2,TRUE) -> C | P690: =INDEX(Detail!$A$1:$A$1001,MATCH(B690,Detail!$G$1:$G$1001,0)) -> 38007 | Q690: =INDEX(Detail!$F$1:$F$1001,MATCH(Main!B690,Detail!$G$1:$G$1001,0)) -> Tual | R690: =INDEX(Detail!$C$1:$C$1001,MATCH(B690,Detail!$G$1:$G$1001,0),1) -> 156 | S690: =INDEX(Detail!$D$1:$D$1001,MATCH(B690,Detail!$G$1:$G$1001,0),1) -> 94 | T690: =INDEX(Detail!$E$1:$E$1001,MATCH(Main!B690,Detail!$G$1:$G$1001,0)) -> Jl. Kebonjati No. 75 | U690: =INDEX(Detail!$B$1:$B$1001,MATCH(B690,Detail!$G$1:$G$1001,0),1) -> AB- | V690: {=INDEX(Dosen!$B$3:$E$8,MATCH(Main!C690,Dosen!$A$3:$A$8,0),IF(AND(Main!A690>=1,Main!A690<=250),1,IF(AND(Main!A690>=251,Main!A690<=500),2,IF(AND(Main!A690>=501,Main!A690<=750),3,4))))} -> Bu Made | W690: =_xlfn.XLOOKUP(B690,Detail!$G$1:$G$1001,Detail!$B$1:$B$1001) -> AB-
... A837: 998 | B837: =CONCATENATE("E",TEXT(A837,"0000")) -> E0998 | C837: Statistika | D837: =VLOOKUP(B837,Detail!$G$1:$H$1001,2,FALSE) -> Ade Astuti | E837: 50 | F837: 43 | G837: 89 | H837: 63 | I837: 84 | J837: 52 | K837: 75 | L837: =IFERROR(VLOOKUP(B837,Absen!$A$1:$C$501,2,FALSE),"No") -> No | M837: =IF(L837="no",K837,K837-10)*10% -> 7.5 | N837: =SUM(E837*12.5%,F837*12.5%,H837*12.5%,I837*12.5%,G837*20%,J837*20%,M837) -> 65.7 | O837: =VLOOKUP(N837,Helper!$B$30:$C$35,2,TRUE) -> C | P837: =INDEX(Detail!$A$1:$A$1001,MATCH(B837,Detail!$G$1:$G$1001,0)) -> 37749 | Q837: =INDEX(Detail!$F$1:$F$1001,MATCH(Main!B837,Detail!$G$1:$G$1001,0)) -> Padang | R837: =INDEX(Detail!$C$1:$C$1001,MATCH(B837,Detail!$G$1:$G$1001,0),1) -> 180 | S837: =INDEX(Detail!$D$1:$D$1001,MATCH(B837,Detail!$G$1:$G$1001,0),1) -> 55 | T837: =INDEX(Detail!$E$1:$E$1001,MATCH(Main!B837,Detail!$G$1:$G$1001,0)) -> Jalan Pasteur No. 97 | U837: =INDEX(Detail!$B$1:$B$1001,MATCH(B837,Detail!$G$1:$G$1001,0),1) -> A- | V837: {=INDEX(Dosen!$B$3:$E$8,MATCH(Main!C837,Dosen!$A$3:$A$8,0),IF(AND(Main!A837>=1,Main!A837<=250),1,IF(AND(Main!A837>=251,Main!A837<=500),2,IF(AND(Main!A837>=501,Main!A837<=750),3,4))))} -> Bu Ratna | W837: =_xlfn.XLOOKUP(B837,Detail!$G$1:$G$1001,Detail!$B$1:$B$1001) -> A-
A838: 8 | B838: =CONCATENATE("F",TEXT(A838,"0000")) -> F0008 | C838: Aktuaria | D838: =VLOOKUP(B838,Detail!$G$1:$H$1001,2,FALSE) -> Dadap Winarsih | E838: 92 | F838: 75 | G838: 70 | H838: 70 | I838: 68 | J838: 65 | K838: 84 | L838: =IFERROR(VLOOKUP(B838,Absen!$A$1:$C$501,2,FALSE),"No") -> No | M838: =IF(L838="no",K838,K838-10)*10% -> 8.4 | N838: =SUM(E838*12.5%,F838*12.5%,H838*12.5%,I838*12.5%,G838*20%,J838*20%,M838) -> 73.525 | O838: =VLOOKUP(N838,Helper!$B$30:$C$35,2,TRUE) -> B | P838: =INDEX(Detail!$A$1:$A$1001,MATCH(B838,Detail!$G$1:$G$1001,0)) -> 38387 | Q838: =INDEX(Detail!$F$1:$F$1001,MATCH(Main!B838,Detail!$G$1:$G$1001,0)) -> Pematangsiantar | R838: =INDEX(Detail!$C$1:$C$1001,MATCH(B838,Detail!$G$1:$G$1001,0),1) -> 178 | S838: =INDEX(Detail!$D$1:$D$1001,MATCH(B838,Detail!$G$1:$G$1001,0),1) -> 54 | T838: =INDEX(Detail!$E$1:$E$1001,MATCH(Main!B838,Detail!$G$1:$G$1001,0)) -> Gg. Suryakencana No. 0 | U838: =INDEX(Detail!$B$1:$B$1001,MATCH(B838,Detail!$G$1:$G$1001,0),1) -> AB+ | V838: {=INDEX(Dosen!$B$3:$E$8,MATCH(Main!C838,Dosen!$A$3:$A$8,0),IF(AND(Main!A838>=1,Main!A838<=250),1,IF(AND(Main!A838>=251,Main!A838<=500),2,IF(AND(Main!A838>=501,Main!A838<=750),3,4))))} -> Pak Andi | W838: =_xlfn.XLOOKUP(B838,Detail!$G$1:$G$1001,Detail!$B$1:$B$1001) -> AB+
A839: 15 | B839: =CONCATENATE("F",TEXT(A839,"0000")) -> F0015 | C839: Aktuaria | D839: =VLOOKUP(B839,Detail!$G$1:$H$1001,2,FALSE) -> Adinata Permata | E839: 81 | F839: 48 | G839: 61 | H839: 53 | I839: 85 | J839: 70 | K839: 60 | L839: =IFERROR(VLOOKUP(B839,Absen!$A$1:$C$501,2,FALSE),"No") -> 44756 | M839: =IF(L839="no",K839,K839-10)*10% -> 5 | N839: =SUM(E839*12.5%,F839*12.5%,H839*12.5%,I839*12.5%,G839*20%,J839*20%,M839) -> 64.575 | O839: =VLOOKUP(N839,Helper!$B$30:$C$35,2,TRUE) -> C | P839: =INDEX(Detail!$A$1:$A$1001,MATCH(B839,Detail!$G$1:$G$1001,0)) -> 38005 | Q839: =INDEX(Detail!$F$1:$F$1001,MATCH(Main!B839,Detail!$G$1:$G$1001,0)) -> Pontianak | R839: =INDEX(Detail!$C$1:$C$1001,MATCH(B839,Detail!$G$1:$G$1001,0),1) -> 158 | S839: =INDEX(Detail!$D$1:$D$1001,MATCH(B839,Detail!$G$1:$G$1001,0),1) -> 82 | T839: =INDEX(Detail!$E$1:$E$1001,MATCH(Main!B839,Detail!$G$1:$G$1001,0)) -> Jl. Rungkut Industri No. 5 | U839: =INDEX(Detail!$B$1:$B$1001,MATCH(B839,Detail!$G$1:$G$1001,0),1) -> A- | V839: {=INDEX(Dosen!$B$3:$E$8,MATCH(Main!C839,Dosen!$A$3:$A$8,0),IF(AND(Main!A839>=1,Main!A839<=250),1,IF(AND(Main!A839>=251,Main!A839<=500),2,IF(AND(Main!A839>=501,Main!A839<=750),3,4))))} -> Pak Andi | W839: =_xlfn.XLOOKUP(B839,Detail!$G$1:$G$1001,Detail!$B$1:$B$1001) -> A-
A840: 17 | B840: =CONCATENATE("F",TEXT(A840,"0000")) -> F0017 | C840: Aktuaria | D840: =VLOOKUP(B840,Detail!$G$1:$H$1001,2,FALSE) -> Jati Suwarno | E840: 60 | F840: 46 | G840: 85 | H840: 66 | I840: 73 | J840: 47 | K840: 62 | L840: =IFERROR(VLOOKUP(B840,Absen!$A$1:$C$501,2,FALSE),"No") -> No | M840: =IF(L840="no",K840,K840-10)*10% -> 6.2 | N840: =SUM(E840*12.5%,F840*12.5%,H840*12.5%,I840*12.5%,G840*20%,J840*20%,M840) -> 63.225 | O840: =VLOOKUP(N840,Helper!$B$30:$C$35,2,TRUE) -> C | P840: =INDEX(Detail!$A$1:$A$1001,MATCH(B840,Detail!$G$1:$G$1001,0)) -> 38285 | Q840: =INDEX(Detail!$F$1:$F$1001,MATCH(Main!B840,Detail!$G$1:$G$1001,0)) -> Pekanbaru | R840: =INDEX(Detail!$C$1:$C$1001,MATCH(B840,Detail!$G$1:$G$1001,0),1) -> 165 | S840: =INDEX(Detail!$D$1:$D$1001,MATCH(B840,Detail!$G$1:$G$1001,0),1) -> 90 | T840: =INDEX(Detail!$E$1:$E$1001,MATCH(Main!B840,Detail!$G$1:$G$1001,0)) -> Gang Dipatiukur No. 63 | U840: =INDEX(Detail!$B$1:$B$1001,MATCH(B840,Detail!$G$1:$G$1001,0),1) -> A- | V840: {=INDEX(Dosen!$B$3:$E$8,MATCH(Main!C840,Dosen!$A$3:$A$8,0),IF(AND(Main!A840>=1,Main!A840<=250),1,IF(AND(Main!A840>=251,Main!A840<=500),2,IF(AND(Main!A840>=501,Main!A840<=750),3,4))))} -> Pak Andi | W840: =_xlfn.XLOOKUP(B840,Detail!$G$1:$G$1001,Detail!$B$1:$B$1001) -> A-
A841: 25 | B841: =CONCATENATE("F",TEXT(A841,"0000")) -> F0025 | C841: Aktuaria | D841: =VLOOKUP(B841,Detail!$G$1:$H$1001,2,FALSE) -> Ghaliyati Kurniawan | E841: 73 | F841: 68 | G841: 56 | H841: 53 | I841: 63 | J841: 56 | K841: 78 | L841: =IFERROR(VLOOKUP(B841,Absen!$A$1:$C$501,2,FALSE),"No") -> No | M841: =IF(L841="no",K841,K841-10)*10% -> 7.8 | N841: =SUM(E841*12.5%,F841*12.5%,H841*12.5%,I841*12.5%,G841*20%,J841*20%,M841) -> 62.325 | O841: =VLOOKUP(N841,Helper!$B$30:$C$35,2,TRUE) -> C | P841: =INDEX(Detail!$A$1:$A$1001,MATCH(B841,Detail!$G$1:$G$1001,0)) -> 37879 | Q841: =INDEX(Detail!$F$1:$F$1001,MATCH(Main!B841,Detail!$G$1:$G$1001,0)) -> Gorontalo | R841: =INDEX(Detail!$C$1:$C$1001,MATCH(B841,Detail!$G$1:$G$1001,0),1) -> 180 | S841: =INDEX(Detail!$D$1:$D$1001,MATCH(B841,Detail!$G$1:$G$1001,0),1) -> 74 | T841: =INDEX(Detail!$E$1:$E$1001,MATCH(Main!B841,Detail!$G$1:$G$1001,0)) -> Gg. Asia Afrika No. 3 | U841: =INDEX(Detail!$B$1:$B$1001,MATCH(B841,Detail!$G$1:$G$1001,0),1) -> A- | V841: {=INDEX(Dosen!$B$3:$E$8,MATCH(Main!C841,Dosen!$A$3:$A$8,0),IF(AND(Main!A841>=1,Main!A841<=250),1,IF(AND(Main!A841>=251,Main!A841<=500),2,IF(AND(Main!A841>=501,Main!A841<=750),3,4))))} -> Pak Andi | W841: =_xlfn.XLOOKUP(B841,Detail!$G$1:$G$1001,Detail!$B$1:$B$1001) -> A-
A842: 36 | B842: =CONCATENATE("F",TEXT(A842,"0000")) -> F0036 | C842: Aktuaria | D842: =VLOOKUP(B842,Detail!$G$1:$H$1001,2,FALSE) -> Purwadi Sinaga | E842: 53 | F842: 45 | G842: 87 | H842: 57 | I842: 90 | J842: 43 | K842: 75 | L842: =IFERROR(VLOOKUP(B842,Absen!$A$1:$C$501,2,FALSE),"No") -> 44784 | M842: =IF(L842="no",K842,K842-10)*10% -> 6.5 | N842: =SUM(E842*12.5%,F842*12.5%,H842*12.5%,I842*12.5%,G842*20%,J842*20%,M842) -> 63.125 | O842: =VLOOKUP(N842,Helper!$B$30:$C$35,2,TRUE) -> C | P842: =INDEX(Detail!$A$1:$A$1001,MATCH(B842,Detail!$G$1:$G$1001,0)) -> 38171 | Q842: =INDEX(Detail!$F$1:$F$1001,MATCH(Main!B842,Detail!$G$1:$G$1001,0)) -> Pagaralam | R842: =INDEX(Detail!$C$1:$C$1001,MATCH(B842,Detail!$G$1:$G$1001,0),1) -> 168 | S842: =INDEX(Detail!$D$1:$D$1001,MATCH(B842,Detail!$G$1:$G$1001,0),1) -> 86 | T842: =INDEX(Detail!$E$1:$E$1001,MATCH(Main!B842,Detail!$G$1:$G$1001,0)) -> Gg. Monginsidi No. 7 | U842: =INDEX(Detail!$B$1:$B$1001,MATCH(B842,Detail!$G$1:$G$1001,0),1) -> B- | V842: {=INDEX(Dosen!$B$3:$E$8,MATCH(Main!C842,Dosen!$A$3:$A$8,0),IF(AND(Main!A842>=1,Main!A842<=250),1,IF(AND(Main!A842>=251,Main!A842<=500),2,IF(AND(Main!A842>=501,Main!A842<=750),3,4))))} -> Pak Andi | W842: =_xlfn.XLOOKUP(B842,Detail!$G$1:$G$1001,Detail!$B$1:$B$1001) -> B-
A843: 38 | B843: =CONCATENATE("F",TEXT(A843,"0000")) -> F0038 | C843: Aktuaria | D843: =VLOOKUP(B843,Detail!$G$1:$H$1001,2,FALSE) -> Rahmi Pratiwi | E843: 95 | F843: 49 | G843: 70 | H843: 61 | I843: 53 | J843: 40 | K843: 94 | L843: =IFERROR(VLOOKUP(B843,Absen!$A$1:$C$501,2,FALSE),"No") -> 44801 | M843: =IF(L843="no",K843,K843-10)*10% -> 8.4 | N843: =SUM(E843*12.5%,F843*12.5%,H843*12.5%,I843*12.5%,G843*20%,J843*20%,M843) -> 62.65 | O843: =VLOOKUP(N843,Helper!$B$30:$C$35,2,TRUE) -> C | P843: =INDEX(Detail!$A$1:$A$1001,MATCH(B843,Detail!$G$1:$G$1001,0)) -> 38086 | Q843: =INDEX(Detail!$F$1:$F$1001,MATCH(Main!B843,Detail!$G$1:$G$1001,0)) -> Kota Administrasi Jakarta Barat | R843: =INDEX(Detail!$C$1:$C$1001,MATCH(B843,Detail!$G$1:$G$1001,0),1) -> 151 | S843: =INDEX(Detail!$D$1:$D$1001,MATCH(B843,Detail!$G$1:$G$1001,0),1) -> 95 | T843: =INDEX(Detail!$E$1:$E$1001,MATCH(Main!B843,Detail!$G$1:$G$1001,0)) -> Jl. Sukajadi No. 67 | U843: =INDEX(Detail!$B$1:$B$1001,MATCH(B843,Detail!$G$1:$G$1001,0),1) -> AB- | V843: {=INDEX(Dosen!$B$3:$E$8,MATCH(Main!C843,Dosen!$A$3:$A$8,0),IF(AND(Main!A843>=1,Main!A843<=250),1,IF(AND(Main!A843>=251,Main!A843<=500),2,IF(AND(Main!A843>=501,Main!A843<=750),3,4))))} -> Pak Andi | W843: =_xlfn.XLOOKUP(B843,Detail!$G$1:$G$1001,Detail!$B$1:$B$1001) -> AB-
A844: 40 | B844: =CONCATENATE("F",TEXT(A844,"0000")) -> F0040 | C844: Aktuaria | D844: =VLOOKUP(B844,Detail!$G$1:$H$1001,2,FALSE) -> Ibun Kusmawati | E844: 68 | F844: 54 | G844: 80 | H844: 54 | I844: 50 | J844: 54 | K844: 65 | L844: =IFERROR(VLOOKUP(B844,Absen!$A$1:$C$501,2,FALSE),"No") -> 44856 | M844: =IF(L844="no",K844,K844-10)*10% -> 5.5 | N844: =SUM(E844*12.5%,F844*12.5%,H844*12.5%,I844*12.5%,G844*20%,J844*20%,M844) -> 60.55 | O844: =VLOOKUP(N844,Helper!$B$30:$C$35,2,TRUE) -> C | P844: =INDEX(Detail!$A$1:$A$1001,MATCH(B844,Detail!$G$1:$G$1001,0)) -> 37266 | Q844: =INDEX(Detail!$F$1:$F$1001,MATCH(Main!B844,Detail!$G$1:$G$1001,0)) -> Medan | R844: =INDEX(Detail!$C$1:$C$1001,MATCH(B844,Detail!$G$1:$G$1001,0),1) -> 165 | S844: =INDEX(Detail!$D$1:$D$1001,MATCH(B844,Detail!$G$1:$G$1001,0),1) -> 61 | T844: =INDEX(Detail!$E$1:$E$1001,MATCH(Main!B844,Detail!$G$1:$G$1001,0)) -> Jl. Merdeka No. 68 | U844: =INDEX(Detail!$B$1:$B$1001,MATCH(B844,Detail!$G$1:$G$1001,0),1) -> B- | V844: {=INDEX(Dosen!$B$3:$E$8,MATCH(Main!C844,Dosen!$A$3:$A$8,0),IF(AND(Main!A844>=1,Main!A844<=250),1,IF(AND(Main!A844>=251,Main!A844<=500),2,IF(AND(Main!A844>=501,Main!A844<=750),3,4))))} -> Pak Andi | W844: =_xlfn.XLOOKUP(B844,Detail!$G$1:$G$1001,Detail!$B$1:$B$1001) -> B-
A845: 47 | B845: =CONCATENATE("F",TEXT(A845,"0000")) -> F0047 | C845: Aktuaria | D845: =VLOOKUP(B845,Detail!$G$1:$H$1001,2,FALSE) -> Daliman Thamrin | E845: 84 | F845: 44 | G845: 94 | H845: 65 | I845: 75 | J845: 44 | K845: 85 | L845: =IFERROR(VLOOKUP(B845,Absen!$A$1:$C$501,2,FALSE),"No") -> 44784 | M845: =IF(L845="no",K845,K845-10)*10% -> 7.5 | N845: =SUM(E845*12.5%,F845*12.5%,H845*12.5%,I845*12.5%,G845*20%,J845*20%,M845) -> 68.6 | O845: =VLOOKUP(N845,Helper!$B$30:$C$35,2,TRUE) -> C | P845: =INDEX(Detail!$A$1:$A$1001,MATCH(B845,Detail!$G$1:$G$1001,0)) -> 37964 | Q845: =INDEX(Detail!$F$1:$F$1001,MATCH(Main!B845,Detail!$G$1:$G$1001,0)) -> Probolinggo | R845: =INDEX(Detail!$C$1:$C$1001,MATCH(B845,Detail!$G$1:$G$1001,0),1) -> 166 | S845: =INDEX(Detail!$D$1:$D$1001,MATCH(B845,Detail!$G$1:$G$1001,0),1) -> 51 | T845: =INDEX(Detail!$E$1:$E$1001,MATCH(Main!B845,Detail!$G$1:$G$1001,0)) -> Gang Gardujati No. 1 | U845: =INDEX(Detail!$B$1:$B$1001,MATCH(B845,Detail!$G$1:$G$1001,0),1) -> AB- | V845: {=INDEX(Dosen!$B$3:$E$8,MATCH(Main!C845,Dosen!$A$3:$A$8,0),IF(AND(Main!A845>=1,Main!A845<=250),1,IF(AND(Main!A845>=251,Main!A845<=500),2,IF(AND(Main!A845>=501,Main!A845<=750),3,4))))} -> Pak Andi | W845: =_xlfn.XLOOKUP(B845,Detail!$G$1:$G$1001,Detail!$B$1:$B$1001) -> AB-
A846: 53 | B846: =CONCATENATE("F",TEXT(A846,"0000")) -> F0053 | C846: Aktuaria | D846: =VLOOKUP(B846,Detail!$G$1:$H$1001,2,FALSE) -> Setya Suryatmi | E846: 68 | F846: 70 | G846: 31 | H846: 64 | I846: 80 | J846: 75 | K846: 96 | L846: =IFERROR(VLOOKUP(B846,Absen!$A$1:$C$501,2,FALSE),"No") -> No | M846: =IF(L846="no",K846,K846-10)*10% -> 9.6 | N846: =SUM(E846*12.5%,F846*12.5%,H846*12.5%,I846*12.5%,G846*20%,J846*20%,M846) -> 66.05 | O846: =VLOOKUP(N846,Helper!$B$30:$C$35,2,TRUE) -> C | P846: =INDEX(Detail!$A$1:$A$1001,MATCH(B846,Detail!$G$1:$G$1001,0)) -> 38124 | Q846: =INDEX(Detail!$F$1:$F$1001,MATCH(Main!B846,Detail!$G$1:$G$1001,0)) -> Kota Administrasi Jakarta Utara | R846: =INDEX(Detail!$C$1:$C$1001,MATCH(B846,Detail!$G$1:$G$1001,0),1) -> 180 | S846: =INDEX(Detail!$D$1:$D$1001,MATCH(B846,Detail!$G$1:$G$1001,0),1) -> 94 | T846: =INDEX(Detail!$E$1:$E$1001,MATCH(Main!B846,Detail!$G$1:$G$1001,0)) -> Gang H.J Maemunah No. 5 | U846: =INDEX(Detail!$B$1:$B$1001,MATCH(B846,Detail!$G$1:$G$1001,0),1) -> AB- | V846: {=INDEX(Dosen!$B$3:$E$8,MATCH(Main!C846,Dosen!$A$3:$A$8,0),IF(AND(Main!A846>=1,Main!A846<=250),1,IF(AND(Main!A846>=251,Main!A846<=500),2,IF(AND(Main!A846>=501,Main!A846<=750),3,4))))} -> Pak Andi | W846: =_xlfn.XLOOKUP(B846,Detail!$G$1:$G$1001,Detail!$B$1:$B$1001) -> AB-
A847: 74 | B847: =CONCATENATE("F",TEXT(A847,"0000")) -> F0074 | C847: Aktuaria | D847: =VLOOKUP(B847,Detail!$G$1:$H$1001,2,FALSE) -> Rahmat Nasyidah | E847: 85 | F847: 73 | G847: 60 | H847: 52 | I847: 55 | J847: 58 | K847: 68 | L847: =IFERROR(VLOOKUP(B847,Absen!$A$1:$C$501,2,FALSE),"No") -> No | M847: =IF(L847="no",K847,K847-10)*10% -> 6.8 | N847: =SUM(E847*12.5%,F847*12.5%,H847*12.5%,I847*12.5%,G847*20%,J847*20%,M847) -> 63.525 | O847: =VLOOKUP(N847,Helper!$B$30:$C$35,2,TRUE) -> C | P847: =INDEX(Detail!$A$1:$A$1001,MATCH(B847,Detail!$G$1:$G$1001,0)) -> 38460 | Q847: =INDEX(Detail!$F$1:$F$1001,MATCH(Main!B847,Detail!$G$1:$G$1001,0)) -> Lhokseumawe | R847: =INDEX(Detail!$C$1:$C$1001,MATCH(B847,Detail!$G$1:$G$1001,0),1) -> 176 | S847: =INDEX(Detail!$D$1:$D$1001,MATCH(B847,Detail!$G$1:$G$1001,0),1) -> 92 | T847: =INDEX(Detail!$E$1:$E$1001,MATCH(Main!B847,Detail!$G$1:$G$1001,0)) -> Jalan Laswi No. 49 | U847: =INDEX(Detail!$B$1:$B$1001,MATCH(B847,Detail!$G$1:$G$1001,0),1) -> AB+ | V847: {=INDEX(Dosen!$B$3:$E$8,MATCH(Main!C847,Dosen!$A$3:$A$8,0),IF(AND(Main!A847>=1,Main!A847<=250),1,IF(AND(Main!A847>=251,Main!A847<=500),2,IF(AND(Main!A847>=501,Main!A847<=750),3,4))))} -> Pak Andi | W847: =_xlfn.XLOOKUP(B847,Detail!$G$1:$G$1001,Detail!$B$1:$B$1001) -> AB+
A848: 78 | B848: =CONCATENATE("F",TEXT(A848,"0000")) -> F0078 | C848: Aktuaria | D848: =VLOOKUP(B848,Detail!$G$1:$H$1001,2,FALSE) -> Diah Simbolon | E848: 95 | F848: 41 | G848: 90 | H848: 68 | I848: 90 | J848: 97 | K848: 67 | L848: =IFERROR(VLOOKUP(B848,Absen!$A$1:$C$501,2,FALSE),"No") -> No | M848: =IF(L848="no",K848,K848-10)*10% -> 6.7 | N848: =SUM(E848*12.5%,F848*12.5%,H848*12.5%,I848*12.5%,G848*20%,J848*20%,M848) -> 80.85 | O848: =VLOOKUP(N848,Helper!$B$30:$C$35,2,TRUE) -> A | P848: =INDEX(Detail!$A$1:$A$1001,MATCH(B848,Detail!$G$1:$G$1001,0)) -> 37105 | Q848: =INDEX(Detail!$F$1:$F$1001,MATCH(Main!B848,Detail!$G$1:$G$1001,0)) -> Bandar Lampung | R848: =INDEX(Detail!$C$1:$C$1001,MATCH(B848,Detail!$G$1:$G$1001,0),1) -> 171 | S848: =INDEX(Detail!$D$1:$D$1001,MATCH(B848,Detail!$G$1:$G$1001,0),1) -> 69 | T848: =INDEX(Detail!$E$1:$E$1001,MATCH(Main!B848,Detail!$G$1:$G$1001,0)) -> Gang Kebonjati No. 8 | U848: =INDEX(Detail!$B$1:$B$1001,MATCH(B848,Detail!$G$1:$G$1001,0),1) -> O- | V848: {=INDEX(Dosen!$B$3:$E$8,MATCH(Main!C848,Dosen!$A$3:$A$8,0),IF(AND(Main!A848>=1,Main!A848<=250),1,IF(AND(Main!A848>=251,Main!A848<=500),2,IF(AND(Main!A848>=501,Main!A848<=750),3,4))))} -> Pak Andi | W848: =_xlfn.XLOOKUP(B848,Detail!$G$1:$G$1001,Detail!$B$1:$B$1001) -> O-
A849: 88 | B849: =CONCATENATE("F",TEXT(A849,"0000")) -> F0088 | C849: Aktuaria | D849: =VLOOKUP(B849,Detail!$G$1:$H$1001,2,FALSE) -> Liman Pradipta | E849: 80 | F849: 74 | G849: 50 | H849: 58 | I849: 94 | J849: 85 | K849: 68 | L849: =IFERROR(VLOOKUP(B849,Absen!$A$1:$C$501,2,FALSE),"No") -> 44897 | M849: =IF(L849="no",K849,K849-10)*10% -> 5.8 | N849: =SUM(E849*12.5%,F849*12.5%,H849*12.5%,I849*12.5%,G849*20%,J849*20%,M849) -> 71.05 | O849: =VLOOKUP(N849,Helper!$B$30:$C$35,2,TRUE) -> B | P849: =INDEX(Detail!$A$1:$A$1001,MATCH(B849,Detail!$G$1:$G$1001,0)) -> 38125 | Q849: =INDEX(Detail!$F$1:$F$1001,MATCH(Main!B849,Detail!$G$1:$G$1001,0)) -> Surabaya | R849: =INDEX(Detail!$C$1:$C$1001,MATCH(B849,Detail!$G$1:$G$1001,0),1) -> 171 | S849: =INDEX(Detail!$D$1:$D$1001,MATCH(B849,Detail!$G$1:$G$1001,0),1) -> 61 | T849: =INDEX(Detail!$E$1:$E$1001,MATCH(Main!B849,Detail!$G$1:$G$1001,0)) -> Jl. Medokan Ayu No. 70 | U849: =INDEX(Detail!$B$1:$B$1001,MATCH(B849,Detail!$G$1:$G$1001,0),1) -> B+ | V849: {=INDEX(Dosen!$B$3:$E$8,MATCH(Main!C849,Dosen!$A$3:$A$8,0),IF(AND(Main!A849>=1,Main!A849<=250),1,IF(AND(Main!A849>=251,Main!A849<=500),2,IF(AND(Main!A849>=501,Main!A849<=750),3,4))))} -> Pak Andi | W849: =_xlfn.XLOOKUP(B849,Detail!$G$1:$G$1001,Detail!$B$1:$B$1001) -> B+
... A1000: 999 | B1000: =CONCATENATE("F",TEXT(A1000,"0000")) -> F0999 | C1000: Aktuaria | D1000: =VLOOKUP(B1000,Detail!$G$1:$H$1001,2,FALSE) -> Michelle Nuraini | E1000: 63 | F1000: 46 | G1000: 89 | H1000: 69 | I1000: 86 | J1000: 50 | K1000: 71 | L1000: =IFERROR(VLOOKUP(B1000,Absen!$A$1:$C$501,2,FALSE),"No") -> 44746 | M1000: =IF(L1000="no",K1000,K1000-10)*10% -> 6.1 | N1000: =SUM(E1000*12.5%,F1000*12.5%,H1000*12.5%,I1000*12.5%,G1000*20%,J1000*20%,M1000) -> 66.9 | O1000: =VLOOKUP(N1000,Helper!$B$30:$C$35,2,TRUE) -> C | P1000: =INDEX(Detail!$A$1:$A$1001,MATCH(B1000,Detail!$G$1:$G$1001,0)) -> 37574 | Q1000: =INDEX(Detail!$F$1:$F$1001,MATCH(Main!B1000,Detail!$G$1:$G$1001,0)) -> Tidore Kepulauan | R1000: =INDEX(Detail!$C$1:$C$1001,MATCH(B1000,Detail!$G$1:$G$1001,0),1) -> 165 | S1000: =INDEX(Detail!$D$1:$D$1001,MATCH(B1000,Detail!$G$1:$G$1001,0),1) -> 57 | T1000: =INDEX(Detail!$E$1:$E$1001,MATCH(Main!B1000,Detail!$G$1:$G$1001,0)) -> Jl. Dipatiukur No. 23 | U1000: =INDEX(Detail!$B$1:$B$1001,MATCH(B1000,Detail!$G$1:$G$1001,0),1) -> AB+ | V1000: {=INDEX(Dosen!$B$3:$E$8,MATCH(Main!C1000,Dosen!$A$3:$A$8,0),IF(AND(Main!A1000>=1,Main!A1000<=250),1,IF(AND(Main!A1000>=251,Main!A1000<=500),2,IF(AND(Main!A1000>=501,Main!A1000<=750),3,4))))} -> Bu Dwi | W1000: =_xlfn.XLOOKUP(B1000,Detail!$G$1:$G$1001,Detail!$B$1:$B$1001) -> AB+
A1001: 1000 | B1001: =CONCATENATE("E",TEXT(A1001,"0000")) -> E1000 | C1001: Statistika | D1001: =VLOOKUP(B1001,Detail!G1:H1001,2,FALSE) -> Omar Sihombing | E1001: 60 | F1001: 55 | G1001: 67 | H1001: 61 | I1001: 63 | J1001: 73 | K1001: 89 | L1001: =IFERROR(VLOOKUP(B1001,Absen!$A$1:$C$501,2,FALSE),"No") -> 44867 | M1001: =IF(L1001="no",K1001,K1001-10)*10% -> 7.9 | N1001: =SUM(E1001*12.5%,F1001*12.5%,H1001*12.5%,I1001*12.5%,G1001*20%,J1001*20%,M1001) -> 65.775 | O1001: =VLOOKUP(N1001,Helper!$B$30:$C$35,2,TRUE) -> C | P1001: =INDEX(Detail!$A$1:$A$1001,MATCH(B1001,Detail!$G$1:$G$1001,0)) -> 37615 | Q1001: =INDEX(Detail!$F$1:$F$1001,MATCH(Main!B1001,Detail!$G$1:$G$1001,0)) -> Palopo | R1001: =INDEX(Detail!$C$1:$C$1001,MATCH(B1001,Detail!$G$1:$G$1001,0),1) -> 179 | S1001: =INDEX(Detail!$D$1:$D$1001,MATCH(B1001,Detail!$G$1:$G$1001,0),1) -> 62 | T1001: =INDEX(Detail!$E$1:$E$1001,MATCH(Main!B1001,Detail!$G$1:$G$1001,0)) -> Jalan Gedebage Selatan No. 2 | U1001: =INDEX(Detail!$B$1:$B$1001,MATCH(B1001,Detail!$G$1:$G$1001,0),1) -> A+ | V1001: {=INDEX(Dosen!$B$3:$E$8,MATCH(Main!C1001,Dosen!$A$3:$A$8,0),IF(AND(Main!A1001>=1,Main!A1001<=250),1,IF(AND(Main!A1001>=251,Main!A1001<=500),2,IF(AND(Main!A1001>=501,Main!A1001<=750),3,4))))} -> Bu Ratna | W1001: =_xlfn.XLOOKUP(B1001,Detail!$G$1:$G$1001,Detail!$B$1:$B$1001) -> A+

Sheet Detail
A1: Tanggal Lahir | B1: Golongan Darah | C1: Tinggi Badan | D1: Berat Badan | E1: Alamat | F1: Kota | G1: Code | H1: Nama
A2: 37749 | B2: A- | C2: 180 | D2: 55 | E2: Jalan Pasteur No. 97 | F2: Padang | G2: E0998 | H2: Ade Astuti
A3: 37973 | B3: A- | C3: 162 | D3: 82 | E3: Jl. Rungkut Industri No. 10 | F3: Denpasar | G3: E0806 | H3: Adiarja Sihotang
A4: 37684 | B4: A- | C4: 150 | D4: 47 | E4: Gang Rajawali Timur No. 36 | F4: Padang | G4: F0901 | H4: Adika Prastuti
A5: 38005 | B5: A- | C5: 158 | D5: 82 | E5: Jl. Rungkut Industri No. 5 | F5: Pontianak | G5: F0015 | H5: Adinata Permata
A6: 37596 | B6: A- | C6: 176 | D6: 90 | E6: Jl. Sadang Serang No. 14 | F6: Salatiga | G6: F0867 | H6: Aditya Pangestu
A7: 37902 | B7: A- | C7: 165 | D7: 69 | E7: Jalan M.H Thamrin No. 47 | F7: Tangerang | G7: A0301 | H7: Akarsana Lestari
A8: 37557 | B8: A- | C8: 152 | D8: 93 | E8: Jalan Sentot Alibasa No. 39 | F8: Cilegon | G8: B0467 | H8: Anita Suryatmi
A9: 38197 | B9: A- | C9: 176 | D9: 47 | E9: Gang K.H. Wahid Hasyim No. 25 | F9: Depok | G9: A0394 | H9: Anita Tamba
A10: 37016 | B10: A- | C10: 176 | D10: 61 | E10: Jl. Astana Anyar No. 2 | F10: Pagaralam | G10: E0366 | H10: Argono Wastuti
A11: 38014 | B11: A- | C11: 154 | D11: 71 | E11: Gang HOS. Cokroaminoto No. 41 | F11: Prabumulih | G11: B0960 | H11: Aris Purnawati
A12: 38283 | B12: A- | C12: 180 | D12: 76 | E12: Jl. Kutisari Selatan No. 43 | F12: Batam | G12: B0066 | H12: Arsipatra Lailasari
A13: 37102 | B13: A- | C13: 176 | D13: 60 | E13: Jl. Wonoayu No. 03 | F13: Surabaya | G13: A0500 | H13: Arsipatra Prasetya
... A1001: 37641 | B1001: O+ | C1001: 179 | D1001: 76 | E1001: Jalan S. Parman No. 85 | F1001: Cilegon | G1001: E0013 | H1001: Zulaikha Hasanah

Sheet Helper
A1: List Jurusan | B1: Rata-rata UTS | K1: Jurusan | L1: Jumlah ujian 2 | R1: jurusan | S1: Rata rata ujian 3 | T1: Rata-rata ujian 4
A2: Aktuaria | B2: =AVERAGEIFS(Main!$G$1:$G$1001,Main!$C$1:$C$1001,Helper!A14) -> 65.128834 | K2: Biologi | L2: =SUMIFS(Main!$F$1:$F$1001,Main!$C$1:$C$1001,Helper!A14) -> 9493 | R2: Biologi | S2: =AVERAGEIFS(Main!$H$1:$H$1001,Main!$C$1:$C$1001,Helper!R2) -> 62.494624 | T2: =AVERAGEIFS(Main!$I$1:$I$1001,Main!$C$1:$C$1001,Helper!R2) -> 71.005376
A3: Matematika | B3: =AVERAGEIFS(Main!$G$1:$G$1001,Main!$C$1:$C$1001,Helper!A15) -> 63.874214 | K3: Aktuaria | L3: =SUMIFS(Main!$F$1:$F$1001,Main!$C$1:$C$1001,Helper!A15) -> 9075 | R3: Aktuaria | S3: =AVERAGEIFS(Main!$H$1:$H$1001,Main!$C$1:$C$1001,Helper!R3) -> 62.128834 | T3: =AVERAGEIFS(Main!$I$1:$I$1001,Main!$C$1:$C$1001,Helper!R3) -> 73.521472 | U3: =T3-S3 -> 11.392638
A4: Kimia | B4: =AVERAGEIFS(Main!$G$1:$G$1001,Main!$C$1:$C$1001,Helper!A16) -> 63.645349 | K4: Fisika | L4: =SUMIFS(Main!$F$1:$F$1001,Main!$C$1:$C$1001,Helper!A16) -> 10010 | R4: Fisika | S4: =AVERAGEIFS(Main!$H$1:$H$1001,Main!$C$1:$C$1001,Helper!R4) -> 63.10625 | T4: =AVERAGEIFS(Main!$I$1:$I$1001,Main!$C$1:$C$1001,Helper!R4) -> 71.20625
A5: Fisika | B5: =AVERAGEIFS(Main!$G$1:$G$1001,Main!$C$1:$C$1001,Helper!A17) -> 62.825 | K5: Statistika | L5: =SUMIFS(Main!$F$1:$F$1001,Main!$C$1:$C$1001,Helper!A17) -> 9022 | R5: Statistika | S5: =AVERAGEIFS(Main!$H$1:$H$1001,Main!$C$1:$C$1001,Helper!R5) -> 62.3625 | T5: =AVERAGEIFS(Main!$I$1:$I$1001,Main!$C$1:$C$1001,Helper!R5) -> 72.025
A6: Biologi | B6: =AVERAGEIFS(Main!$G$1:$G$1001,Main!$C$1:$C$1001,Helper!A18) -> 62.322581 | K6: Matematika | L6: =SUMIFS(Main!$F$1:$F$1001,Main!$C$1:$C$1001,Helper!A18) -> 10745 | R6: Matematika | S6: =AVERAGEIFS(Main!$H$1:$H$1001,Main!$C$1:$C$1001,Helper!R6) -> 62.654088 | T6: =AVERAGEIFS(Main!$I$1:$I$1001,Main!$C$1:$C$1001,Helper!R6) -> 73.440252
A7: Statistika | B7: =AVERAGEIFS(Main!$G$1:$G$1001,Main!$C$1:$C$1001,Helper!A19) -> 62.19375 | K7: Kimia | L7: =SUMIFS(Main!F1:F1001,Main!C1:C1001,Helper!A19) -> 8949 | R7: Kimia | S7: =AVERAGEIFS(Main!$H$1:$H$1001,Main!$C$1:$C$1001,Helper!R7) -> 62.087209 | T7: =AVERAGEIFS(Main!$I$1:$I$1001,Main!$C$1:$C$1001,Helper!R7) -> 73.354651
R8: =_xlfn.FORMULATEXT(S2) -> =AVERAGEIFS(Main!$H$1:$H$1001;Main!$C$1:$C$1001;Helper!R2)
A13: List Jurusan | B13: Jumlah | C13: tidak pernah Absen | D13: abesen | E13: absen oktober | F13: absen september
A14: Aktuaria | B14: =COUNTIFS(Main!$C$1:$C$1001,Helper!A14) -> 163 | C14: =COUNTIFS(Main!$C$1:$C$1001,Helper!A14,Main!$L$1:$L$1001,"no") -> 80 | D14: =B14-C14 -> 83 | E14: =COUNTIF(Absen!C1:C501,10) -> 104 | F14: =COUNTIF(Absen!C1:C501,9) -> 94
A15: Matematika | B15: =COUNTIFS(Main!$C$1:$C$1001,Helper!A15) -> 159 | C15: =COUNTIFS(Main!$C$1:$C$1001,Helper!A15,Main!$L$1:$L$1001,"no") -> 76 | D15: =B15-C15 -> 83
A16: Kimia | B16: =COUNTIFS(Main!$C$1:$C$1001,Helper!A16) -> 172 | C16: =COUNTIFS(Main!$C$1:$C$1001,Helper!A16,Main!$L$1:$L$1001,"no") -> 77 | D16: =B16-C16 -> 95
A17: Fisika | B17: =COUNTIFS(Main!$C$1:$C$1001,Helper!A17) -> 160 | C17: =COUNTIFS(Main!$C$1:$C$1001,Helper!A17,Main!$L$1:$L$1001,"no") -> 85 | D17: =B17-C17 -> 75
A18: Biologi | B18: =COUNTIFS(Main!$C$1:$C$1001,Helper!A18) -> 186 | C18: =COUNTIFS(Main!$C$1:$C$1001,Helper!A18,Main!$L$1:$L$1001,"no") -> 98 | D18: =B18-C18 -> 88
A19: Statistika | B19: =COUNTIFS(Main!$C$1:$C$1001,Helper!A19) -> 160 | C19: =COUNTIFS(Main!$C$1:$C$1001,Helper!A19,Main!$L$1:$L$1001,"no") -> 84 | D19: =B19-C19 -> 76
B20: =SUM(B14:B19) -> 1000 | C20: =SUM(C14:C19) -> 500
A22: Jurusan | B22: Nilai akhir rata-rata | C22: Jumlah Ujian 1 | D22: Rata rata ujian 1 | E22: rata rata ujian 2 | F22: rata rata ujian 3 | G22: selisih ujian 1 dan 2 | H22: selisih ujian 2 dan 3
A23: Matematika | B23: =AVERAGEIF(Main!$C$1:$C$1001,Helper!A23,Main!$N$1:$N$1001) -> 67.472484 | C23: =SUMIFS(Main!$E$1:$E$1001,Main!$C$1:$C$1001,A23) -> 11547 | D23: =AVERAGEIFS(Main!$E$1:$E$1001,Main!$C$1:$C$1001,Helper!A23) -> 72.622642 | E23: =AVERAGEIFS(Main!$F$1:$F$1001,Main!$C$1:$C$1001,Helper!A23) -> 57.075472 | F23: =AVERAGEIFS(Main!$H$1:$H$1001,Main!$C$1:$C$1001,Helper!A23) -> 62.654088 | G23: =D23-E23 -> 15.54717 | H23: =F23-E23 -> 5.5786164
A24: Fisika | B24: =AVERAGEIF(Main!$C$1:$C$1001,Helper!A24,Main!$N$1:$N$1001) -> 67.210938 | C24: =SUMIFS(Main!$E$1:$E$1001,Main!$C$1:$C$1001,A24) -> 11462 | D24: =AVERAGEIFS(Main!$E$1:$E$1001,Main!$C$1:$C$1001,Helper!A24) -> 71.6375 | E24: =AVERAGEIFS(Main!$F$1:$F$1001,Main!$C$1:$C$1001,Helper!A24) -> 56.3875 | F24: =AVERAGEIFS(Main!$H$1:$H$1001,Main!$C$1:$C$1001,Helper!A24) -> 63.10625 | G24: =D24-E24 -> 15.25 | H24: =F24-E24 -> 6.71875
A25: Kimia | B25: =AVERAGEIF(Main!$C$1:$C$1001,Helper!A25,Main!$N$1:$N$1001) -> 67.426163 | C25: =SUMIFS(Main!$E$1:$E$1001,Main!$C$1:$C$1001,A25) -> 12426 | D25: =AVERAGEIFS(Main!$E$1:$E$1001,Main!$C$1:$C$1001,Helper!A25) -> 72.244186 | E25: =AVERAGEIFS(Main!$F$1:$F$1001,Main!$C$1:$C$1001,Helper!A25) -> 58.197674 | F25: =AVERAGEIFS(Main!$H$1:$H$1001,Main!$C$1:$C$1001,Helper!A25) -> 62.087209 | G25: =D25-E25 -> 14.046512 | H25: =F25-E25 -> 3.8895349
A26: Biologi | B26: =AVERAGEIF(Main!$C$1:$C$1001,Helper!A26,Main!$N$1:$N$1001) -> 66.926344 | C26: =SUMIFS(Main!$E$1:$E$1001,Main!$C$1:$C$1001,A26) -> 13592 | D26: =AVERAGEIFS(Main!$E$1:$E$1001,Main!$C$1:$C$1001,Helper!A26) -> 73.075269 | E26: =AVERAGEIFS(Main!$F$1:$F$1001,Main!$C$1:$C$1001,Helper!A26) -> 57.768817 | F26: =AVERAGEIFS(Main!$H$1:$H$1001,Main!$C$1:$C$1001,Helper!A26) -> 62.494624 | G26: =D26-E26 -> 15.306452 | H26: =F26-E26 -> 4.7258065
A27: Statistika | B27: =AVERAGEIF(Main!$C$1:$C$1001,Helper!A27,Main!$N$1:$N$1001) -> 66.756562 | C27: =SUMIFS(Main!$E$1:$E$1001,Main!$C$1:$C$1001,A27) -> 11771 | D27: =AVERAGEIFS(Main!$E$1:$E$1001,Main!$C$1:$C$1001,Helper!A27) -> 73.56875 | E27: =AVERAGEIFS(Main!$F$1:$F$1001,Main!$C$1:$C$1001,Helper!A27) -> 55.93125 | F27: =AVERAGEIFS(Main!$H$1:$H$1001,Main!$C$1:$C$1001,Helper!A27) -> 62.3625 | G27: =D27-E27 -> 17.6375 | H27: =F27-E27 -> 6.43125
A28: Aktuaria | B28: =AVERAGEIF(Main!$C$1:$C$1001,Helper!A28,Main!$N$1:$N$1001) -> 67.56411 | C28: =SUMIFS(Main!$E$1:$E$1001,Main!$C$1:$C$1001,A28) -> 12042 | D28: =AVERAGEIFS(Main!$E$1:$E$1001,Main!$C$1:$C$1001,Helper!A28) -> 73.877301 | E28: =AVERAGEIFS(Main!$F$1:$F$1001,Main!$C$1:$C$1001,Helper!A28) -> 58.239264 | F28: =AVERAGEIFS(Main!$H$1:$H$1001,Main!$C$1:$C$1001,Helper!A28) -> 62.128834 | G28: =D28-E28 -> 15.638037 | H28: =F28-E28 -> 3.8895706
B30: 0 | C30: E | D30: GRADE A | E30: Grade C | F30: Grade
B31: 40.01 | C31: D | D31: =COUNTIF(Main!O1:O1001,"A") -> 17 | E31: =COUNTIF(Main!O1:O1001,"c") -> 556 | F31: =COUNTIF(Main!O1:O1001,"D") -> 123
B32: 60.01 | C32: C | E32: =E31*100%/1000 -> 0.556
B33: 70.01 | C33: B
B34: 80.01 | C34: A
B35: 90.01 | C35: A+
A37: Rata rata tinggi badan asal surabaya
A38: =AVERAGEIFS(Main!R1:R1001,Main!Q1:Q1001,"Surabaya") -> 161

Sheet Soal
B1: Pertanyaan | C1: Jawaban | D1: Check
A2: 1 | B2: Berapa data dari kolom Jurusan yang Invalid (Tidak Valid)? | C2: 58 | D2: =IF(C2=58,2,IF(C2="",1,0)) -> 2
A3: 2 | B3: Berapa data dari Jurusan Fisika yang Invalid (Tidak Valid)? | C3: 10 | D3: =IF(C3=10,2,IF(C3="",1,0)) -> 2
A4: 3 | B4: Jurusan apa yang paling banyak memiliki data invalid? | C4: Biologi | D4: =IF(C4="Biologi",2,IF(C4="",1,0)) -> 2
A5: 4 | B5: Berapa rata rata UTS dari Jurusan Statistika? (1 angka dibelakang koma) | C5: =AVERAGEIFS(Main!G1:G1001,Main!C1:C1001,"Statistika") -> 62.19375 | D5: =IF(AND(C5>=62.1,C5<=62.2),2,IF(C5="",1,0)) -> 2
A6: 5 | B6: Berapa jumlah Ujian 2 dari jurusan Fisika? | C6: =SUMIFS(Main!F1:F1001,Main!C1:C1001,"Fisika") -> 9022 | D6: =IF(C6=9022,2,IF(C6="",1,0)) -> 2
A7: 6 | B7: Berapa selisih dari rata rata Ujian 4 dan rata rata Ujian 3 untuk Jurusan Aktuaria? (2 angka dibelakang koma) | C7: =SUM(AVERAGEIFS(Main!I1:I1001,Main!C1:C1001,"Aktuaria")-AVERAGEIFS(Main!H1:H1001,Main!C1:C1001,"Aktuaria")) -> 11.392638 | D7: =IF(AND(C7>=11.39,C7<=11.4),2,IF(C7="",1,0)) -> 2
A8: 7 | B8: Berapa mahasiswa jurusan Statistika yang pernah absen? | C8: 76 | D8: =IF(C8=76,2,IF(C8="",1,0)) -> 2
A9: 8 | B9: Berapa persen mahasiswa jurusan Biologi yang tidak pernah absen? | C9: =98*100%/186 -> 0.52688172 | D9: =IF(AND(C9>=52%,C9<=53%),2,IF(C9="",1,0)) -> 2
A10: 9 | B10: Berapa mahasiswa yang absen di bulan Oktober 2022? | C10: 104 | D10: =IF(C10=104,2,IF(C10="",1,0)) -> 2
A11: 10 | B11: Berapa Nilai Akhir dari mahasiswi Irfan Nababan? (1 angka dibelakang koma) | C11: 65.1 | D11: =IF(AND(C11>=65,C11<=65.1),2,IF(C11="",1,0)) -> 2
A12: 11 | B12: Siapa yang mendapatkan Nilai Akhir paling tinggi? | C12: =INDEX(Main!D1:D1001,MATCH(85.2,Main!N1:N1001,0)) -> Hasta Utami | D12: =IF(C12="Hasta Utami",2,IF(C12="",1,0)) -> 2
A13: 12 | B13: Jurusan apa yang memiliki rata-rata Nilai Akhir terendah? | C13: statistika | D13: =IF(C13="Statistika",2,IF(C13="",1,0)) -> 2
A14: 13 | B14: Berapa mahasiswa yang mendapatkan Grade B? | C14: =COUNTIF(Main!O1:O1001,"B") -> 304 | D14: =IF(C14=304,2,IF(C14="",1,0)) -> 2
A15: 14 | B15: Berapa mahasiswa yang mendapatkan Grade A dan berada di Jurusan Aktuaria? | C15: =COUNTIFS(Main!C1:C1001,"AKTUARIA",Main!O1:O1001,"A") -> 2 | D15: =IF(C15=2,2,IF(C15="",1,0)) -> 2
A16: 15 | B16: Berapa persen mahasiswa yang mendapatkan Grade D? | C16: 0.13 | D16: =IF(AND(C16>=12%,C16<=13%),2,IF(C16="",1,0)) -> 2

Sheet Absen
A1: ID | B1: Tanggal Absen | C1: Bulan
A2: A0016 | B2: 44828 | C2: =MONTH(B2) -> 9
A3: A0020 | B3: 44762 | C3: =MONTH(B3) -> 7
A4: A0026 | B4: 44811 | C4: =MONTH(B4) -> 9
A5: A0033 | B5: 44880 | C5: =MONTH(B5) -> 11
A6: A0034 | B6: 44765 | C6: =MONTH(B6) -> 7
A7: A0051 | B7: 44771 | C7: =MONTH(B7) -> 7
A8: A0063 | B8: 44836 | C8: =MONTH(B8) -> 10
A9: A0065 | B9: 44852 | C9: =MONTH(B9) -> 10
A10: A0083 | B10: 44762 | C10: =MONTH(B10) -> 7
A11: A0100 | B11: 44811 | C11: =MONTH(B11) -> 9
A12: A0137 | B12: 44854 | C12: =MONTH(B12) -> 10
A13: A0154 | B13: 44858 | C13: =MONTH(B13) -> 10
... A501: F0999 | B501: 44746 | C501: =MONTH(B501) -> 7

Sheet Golongan darah dan alamat
A1: Nomor | B1: ID Mahasiswa | C1: Jurusan | D1: Nama | E1: Ujian 1 | F1: Ujian 2 | G1: UTS | H1: Ujian 3 | I1: Ujian 4 | J1: UAS | K1: Tugas | L1: Absen | M1: Tugas Update | N1: Nilai Akhir | O1: Grade | P1: Tanggal Lahir | Q1: Kota | R1: Tinggi Badan | S1: Berat Badan | T1: Alamat | U1: Golongan Darah
A2: 16 | B2: =CONCATENATE("A",TEXT(Main!A2,"0000")) -> A0016 | C2: Matematika | D2: =VLOOKUP(B2,Detail!$G$1:$H$1001,2,FALSE) -> Baktiono Kurniawan | E2: 72 | F2: 64 | G2: 79 | H2: 59 | I2: 82 | J2: 88 | K2: 69 | L2: =IFERROR(VLOOKUP(B2,Absen!$A$1:$C$501,2,FALSE),"No") -> 44828 | M2: =IF(L2="no",K2,K2-10)*10% -> 5.9 | N2: =SUM(E2*12.5%,F2*12.5%,H2*12.5%,I2*12.5%,G2*20%,J2*20%,M2) -> 73.925 | O2: =VLOOKUP(N2,Helper!$B$30:$C$35,2,TRUE) -> B | P2: =INDEX(Detail!$A$1:$A$1001,MATCH(B2,Detail!$G$1:$G$1001,0)) -> 37464 | Q2: =INDEX(Detail!$F$1:$F$1001,MATCH(Main!B2,Detail!$G$1:$G$1001,0)) -> Padangpanjang | R2: =INDEX(Detail!$C$1:$C$1001,MATCH(B2,Detail!$G$1:$G$1001,0),1) -> 159 | S2: =INDEX(Detail!$D$1:$D$1001,MATCH(B2,Detail!$G$1:$G$1001,0),1) -> 56 | T2: =INDEX(Detail!$E$1:$E$1001,MATCH(Main!B2,Detail!$G$1:$G$1001,0)) -> Gang Ahmad Dahlan No. 37 | U2: =INDEX(Detail!$B$1:$B$1001,MATCH(B2,Detail!$G$1:$G$1001,0),1) -> O- | W2: =_xlfn.FORMULATEXT(W3) -> =INDEX(Dosen!$A$2:$E$8;MATCH('Golongan darah dan alamat'!$C$2;Dosen!$A$2:$A$8;0);IF(AND('Golongan darah dan alamat'!A2>=1;'Golongan darah dan alamat'!A2<=250);1;IF(AND('Golongan darah dan alamat'!A2>=251;'Golongan darah dan alamat'!A2<=500);2;IF(AND('Golongan darah dan alamat'!A2>=501;'Golongan darah dan alamat'!A2<=750);3;4))))
A3: 20 | B3: =CONCATENATE("A",TEXT(Main!A3,"0000")) -> A0020 | C3: Matematika | D3: =VLOOKUP(B3,Detail!$G$1:$H$1001,2,FALSE) -> Halima Marbun | E3: 60 | F3: 69 | G3: 93 | H3: 72 | I3: 60 | J3: 100 | K3: 70 | L3: =IFERROR(VLOOKUP(B3,Absen!$A$1:$C$501,2,FALSE),"No") -> 44762 | M3: =IF(L3="no",K3,K3-10)*10% -> 6 | N3: =SUM(E3*12.5%,F3*12.5%,H3*12.5%,I3*12.5%,G3*20%,J3*20%,M3) -> 77.225 | O3: =VLOOKUP(N3,Helper!$B$30:$C$35,2,TRUE) -> B | P3: =INDEX(Detail!$A$1:$A$1001,MATCH(B3,Detail!$G$1:$G$1001,0)) -> 37957 | Q3: =INDEX(Detail!$F$1:$F$1001,MATCH(Main!B3,Detail!$G$1:$G$1001,0)) -> Palu | R3: =INDEX(Detail!$C$1:$C$1001,MATCH(B3,Detail!$G$1:$G$1001,0),1) -> 160 | S3: =INDEX(Detail!$D$1:$D$1001,MATCH(B3,Detail!$G$1:$G$1001,0),1) -> 73 | T3: =INDEX(Detail!$E$1:$E$1001,MATCH(Main!B3,Detail!$G$1:$G$1001,0)) -> Jl. Gedebage Selatan No. 4 | U3: =INDEX(Detail!$B$1:$B$1001,MATCH(B3,Detail!$G$1:$G$1001,0),1) -> O+ | W3: {=INDEX(Dosen!$A$2:$E$8,MATCH('Golongan darah dan alamat'!$C$2,Dosen!$A$2:$A$8,0),IF(AND('Golongan darah dan alamat'!A2>=1,'Golongan darah dan alamat'!A2<=250),1,IF(AND('Golongan darah dan alamat'!A2>=251,'Golongan darah dan alamat'!A2<=500),2,IF(AND('Golongan darah dan alamat'!A2>=501,'Golongan darah dan alamat'!A2<=750),3,4))))} -> Matematika
A4: 22 | B4: =CONCATENATE("A",TEXT(Main!A4,"0000")) -> A0022 | C4: Matematika | D4: =VLOOKUP(B4,Detail!$G$1:$H$1001,2,FALSE) -> Ira Firgantoro | E4: 51 | F4: 42 | G4: 38 | H4: 73 | I4: 63 | J4: 52 | K4: 71 | L4: =IFERROR(VLOOKUP(B4,Absen!$A$1:$C$501,2,FALSE),"No") -> No | M4: =IF(L4="no",K4,K4-10)*10% -> 7.1 | N4: =SUM(E4*12.5%,F4*12.5%,H4*12.5%,I4*12.5%,G4*20%,J4*20%,M4) -> 53.725 | O4: =VLOOKUP(N4,Helper!$B$30:$C$35,2,TRUE) -> D | P4: =INDEX(Detail!$A$1:$A$1001,MATCH(B4,Detail!$G$1:$G$1001,0)) -> 37815 | Q4: =INDEX(Detail!$F$1:$F$1001,MATCH(Main!B4,Detail!$G$1:$G$1001,0)) -> Banjarbaru | R4: =INDEX(Detail!$C$1:$C$1001,MATCH(B4,Detail!$G$1:$G$1001,0),1) -> 173 | S4: =INDEX(Detail!$D$1:$D$1001,MATCH(B4,Detail!$G$1:$G$1001,0),1) -> 86 | T4: =INDEX(Detail!$E$1:$E$1001,MATCH(Main!B4,Detail!$G$1:$G$1001,0)) -> Gg. Kutai No. 02 | U4: =INDEX(Detail!$B$1:$B$1001,MATCH(B4,Detail!$G$1:$G$1001,0),1) -> AB-
A5: 26 | B5: =CONCATENATE("A",TEXT(Main!A5,"0000")) -> A0026 | C5: Matematika | D5: =VLOOKUP(B5,Detail!$G$1:$H$1001,2,FALSE) -> Samsul Kusmawati | E5: 74 | F5: 57 | G5: 49 | H5: 53 | I5: 70 | J5: 57 | K5: 63 | L5: =IFERROR(VLOOKUP(B5,Absen!$A$1:$C$501,2,FALSE),"No") -> 44811 | M5: =IF(L5="no",K5,K5-10)*10% -> 5.3 | N5: =SUM(E5*12.5%,F5*12.5%,H5*12.5%,I5*12.5%,G5*20%,J5*20%,M5) -> 58.25 | O5: =VLOOKUP(N5,Helper!$B$30:$C$35,2,TRUE) -> D | P5: =INDEX(Detail!$A$1:$A$1001,MATCH(B5,Detail!$G$1:$G$1001,0)) -> 37135 | Q5: =INDEX(Detail!$F$1:$F$1001,MATCH(Main!B5,Detail!$G$1:$G$1001,0)) -> Lubuklinggau | R5: =INDEX(Detail!$C$1:$C$1001,MATCH(B5,Detail!$G$1:$G$1001,0),1) -> 156 | S5: =INDEX(Detail!$D$1:$D$1001,MATCH(B5,Detail!$G$1:$G$1001,0),1) -> 86 | T5: =INDEX(Detail!$E$1:$E$1001,MATCH(Main!B5,Detail!$G$1:$G$1001,0)) -> Gang Otto Iskandardinata No. 1 | U5: =INDEX(Detail!$B$1:$B$1001,MATCH(B5,Detail!$G$1:$G$1001,0),1) -> A+
A6: 31 | B6: =CONCATENATE("A",TEXT(Main!A6,"0000")) -> A0031 | C6: Matematika | D6: =VLOOKUP(B6,Detail!$G$1:$H$1001,2,FALSE) -> Koko Suartini | E6: 75 | F6: 60 | G6: 55 | H6: 74 | I6: 91 | J6: 65 | K6: 81 | L6: =IFERROR(VLOOKUP(B6,Absen!$A$1:$C$501,2,FALSE),"No") -> No | M6: =IF(L6="no",K6,K6-10)*10% -> 8.1 | N6: =SUM(E6*12.5%,F6*12.5%,H6*12.5%,I6*12.5%,G6*20%,J6*20%,M6) -> 69.6 | O6: =VLOOKUP(N6,Helper!$B$30:$C$35,2,TRUE) -> C | P6: =INDEX(Detail!$A$1:$A$1001,MATCH(B6,Detail!$G$1:$G$1001,0)) -> 38316 | Q6: =INDEX(Detail!$F$1:$F$1001,MATCH(Main!B6,Detail!$G$1:$G$1001,0)) -> Lubuklinggau | R6: =INDEX(Detail!$C$1:$C$1001,MATCH(B6,Detail!$G$1:$G$1001,0),1) -> 175 | S6: =INDEX(Detail!$D$1:$D$1001,MATCH(B6,Detail!$G$1:$G$1001,0),1) -> 87 | T6: =INDEX(Detail!$E$1:$E$1001,MATCH(Main!B6,Detail!$G$1:$G$1001,0)) -> Jl. Moch. Toha No. 97 | U6: =INDEX(Detail!$B$1:$B$1001,MATCH(B6,Detail!$G$1:$G$1001,0),1) -> O+
A7: 33 | B7: =CONCATENATE("A",TEXT(Main!A7,"0000")) -> A0033 | C7: Matematika | D7: =VLOOKUP(B7,Detail!$G$1:$H$1001,2,FALSE) -> Dalimin Natsir | E7: 73 | F7: 64 | G7: 40 | H7: 61 | I7: 89 | J7: 75 | K7: 65 | L7: =IFERROR(VLOOKUP(B7,Absen!$A$1:$C$501,2,FALSE),"No") -> 44880 | M7: =IF(L7="no",K7,K7-10)*10% -> 5.5 | N7: =SUM(E7*12.5%,F7*12.5%,H7*12.5%,I7*12.5%,G7*20%,J7*20%,M7) -> 64.375 | O7: =VLOOKUP(N7,Helper!$B$30:$C$35,2,TRUE) -> C | P7: =INDEX(Detail!$A$1:$A$1001,MATCH(B7,Detail!$G$1:$G$1001,0)) -> 37644 | Q7: =INDEX(Detail!$F$1:$F$1001,MATCH(Main!B7,Detail!$G$1:$G$1001,0)) -> Padang Sidempuan | R7: =INDEX(Detail!$C$1:$C$1001,MATCH(B7,Detail!$G$1:$G$1001,0),1) -> 174 | S7: =INDEX(Detail!$D$1:$D$1001,MATCH(B7,Detail!$G$1:$G$1001,0),1) -> 86 | T7: =INDEX(Detail!$E$1:$E$1001,MATCH(Main!B7,Detail!$G$1:$G$1001,0)) -> Jalan Jayawijaya No. 91 | U7: =INDEX(Detail!$B$1:$B$1001,MATCH(B7,Detail!$G$1:$G$1001,0),1) -> B-
A8: 34 | B8: =CONCATENATE("A",TEXT(Main!A8,"0000")) -> A0034 | C8: Matematika | D8: =VLOOKUP(B8,Detail!$G$1:$H$1001,2,FALSE) -> Paulin Januar | E8: 58 | F8: 57 | G8: 78 | H8: 55 | I8: 63 | J8: 49 | K8: 94 | L8: =IFERROR(VLOOKUP(B8,Absen!$A$1:$C$501,2,FALSE),"No") -> 44765 | M8: =IF(L8="no",K8,K8-10)*10% -> 8.4 | N8: =SUM(E8*12.5%,F8*12.5%,H8*12.5%,I8*12.5%,G8*20%,J8*20%,M8) -> 62.925 | O8: =VLOOKUP(N8,Helper!$B$30:$C$35,2,TRUE) -> C | P8: =INDEX(Detail!$A$1:$A$1001,MATCH(B8,Detail!$G$1:$G$1001,0)) -> 38456 | Q8: =INDEX(Detail!$F$1:$F$1001,MATCH(Main!B8,Detail!$G$1:$G$1001,0)) -> Kota Administrasi Jakarta Selatan | R8: =INDEX(Detail!$C$1:$C$1001,MATCH(B8,Detail!$G$1:$G$1001,0),1) -> 151 | S8: =INDEX(Detail!$D$1:$D$1001,MATCH(B8,Detail!$G$1:$G$1001,0),1) -> 72 | T8: =INDEX(Detail!$E$1:$E$1001,MATCH(Main!B8,Detail!$G$1:$G$1001,0)) -> Jalan Cikutra Timur No. 51 | U8: =INDEX(Detail!$B$1:$B$1001,MATCH(B8,Detail!$G$1:$G$1001,0),1) -> AB-
A9: 41 | B9: =CONCATENATE("A",TEXT(Main!A9,"0000")) -> A0041 | C9: Matematika | D9: =VLOOKUP(B9,Detail!$G$1:$H$1001,2,FALSE) -> Gangsa Riyanti | E9: 53 | F9: 48 | G9: 88 | H9: 59 | I9: 90 | J9: 49 | K9: 70 | L9: =IFERROR(VLOOKUP(B9,Absen!$A$1:$C$501,2,FALSE),"No") -> No | M9: =IF(L9="no",K9,K9-10)*10% -> 7 | N9: =SUM(E9*12.5%,F9*12.5%,H9*12.5%,I9*12.5%,G9*20%,J9*20%,M9) -> 65.65 | O9: =VLOOKUP(N9,Helper!$B$30:$C$35,2,TRUE) -> C | P9: =INDEX(Detail!$A$1:$A$1001,MATCH(B9,Detail!$G$1:$G$1001,0)) -> 37504 | Q9: =INDEX(Detail!$F$1:$F$1001,MATCH(Main!B9,Detail!$G$1:$G$1001,0)) -> Kota Administrasi Jakarta Timur | R9: =INDEX(Detail!$C$1:$C$1001,MATCH(B9,Detail!$G$1:$G$1001,0),1) -> 156 | S9: =INDEX(Detail!$D$1:$D$1001,MATCH(B9,Detail!$G$1:$G$1001,0),1) -> 95 | T9: =INDEX(Detail!$E$1:$E$1001,MATCH(Main!B9,Detail!$G$1:$G$1001,0)) -> Gg. M.H Thamrin No. 5 | U9: =INDEX(Detail!$B$1:$B$1001,MATCH(B9,Detail!$G$1:$G$1001,0),1) -> B+
A10: 51 | B10: =CONCATENATE("A",TEXT(Main!A10,"0000")) -> A0051 | C10: Matematika | D10: =VLOOKUP(B10,Detail!$G$1:$H$1001,2,FALSE) -> Jamalia Zulaika | E10: 65 | F10: 64 | G10: 62 | H10: 54 | I10: 79 | J10: 82 | K10: 76 | L10: =IFERROR(VLOOKUP(B10,Absen!$A$1:$C$501,2,FALSE),"No") -> 44771 | M10: =IF(L10="no",K10,K10-10)*10% -> 6.6 | N10: =SUM(E10*12.5%,F10*12.5%,H10*12.5%,I10*12.5%,G10*20%,J10*20%,M10) -> 68.15 | O10: =VLOOKUP(N10,Helper!$B$30:$C$35,2,TRUE) -> C | P10: =INDEX(Detail!$A$1:$A$1001,MATCH(B10,Detail!$G$1:$G$1001,0)) -> 37719 | Q10: =INDEX(Detail!$F$1:$F$1001,MATCH(Main!B10,Detail!$G$1:$G$1001,0)) -> Tanjungbalai | R10: =INDEX(Detail!$C$1:$C$1001,MATCH(B10,Detail!$G$1:$G$1001,0),1) -> 171 | S10: =INDEX(Detail!$D$1:$D$1001,MATCH(B10,Detail!$G$1:$G$1001,0),1) -> 79 | T10: =INDEX(Detail!$E$1:$E$1001,MATCH(Main!B10,Detail!$G$1:$G$1001,0)) -> Gang Surapati No. 48 | U10: =INDEX(Detail!$B$1:$B$1001,MATCH(B10,Detail!$G$1:$G$1001,0),1) -> O+
A11: 63 | B11: =CONCATENATE("A",TEXT(Main!A11,"0000")) -> A0063 | C11: Matematika | D11: =VLOOKUP(B11,Detail!$G$1:$H$1001,2,FALSE) -> Salwa Wasita | E11: 74 | F11: 52 | G11: 71 | H11: 59 | I11: 72 | J11: 54 | K11: 79 | L11: =IFERROR(VLOOKUP(B11,Absen!$A$1:$C$501,2,FALSE),"No") -> 44836 | M11: =IF(L11="no",K11,K11-10)*10% -> 6.9 | N11: =SUM(E11*12.5%,F11*12.5%,H11*12.5%,I11*12.5%,G11*20%,J11*20%,M11) -> 64.025 | O11: =VLOOKUP(N11,Helper!$B$30:$C$35,2,TRUE) -> C | P11: =INDEX(Detail!$A$1:$A$1001,MATCH(B11,Detail!$G$1:$G$1001,0)) -> 38293 | Q11: =INDEX(Detail!$F$1:$F$1001,MATCH(Main!B11,Detail!$G$1:$G$1001,0)) -> Salatiga | R11: =INDEX(Detail!$C$1:$C$1001,MATCH(B11,Detail!$G$1:$G$1001,0),1) -> 162 | S11: =INDEX(Detail!$D$1:$D$1001,MATCH(B11,Detail!$G$1:$G$1001,0),1) -> 84 | T11: =INDEX(Detail!$E$1:$E$1001,MATCH(Main!B11,Detail!$G$1:$G$1001,0)) -> Jl. Kiaracondong No. 45 | U11: =INDEX(Detail!$B$1:$B$1001,MATCH(B11,Detail!$G$1:$G$1001,0),1) -> AB+
A12: 65 | B12: =CONCATENATE("A",TEXT(Main!A12,"0000")) -> A0065 | C12: Matematika | D12: =VLOOKUP(B12,Detail!$G$1:$H$1001,2,FALSE) -> Ajiman Mulyani | E12: 81 | F12: 41 | G12: 67 | H12: 54 | I12: 95 | J12: 52 | K12: 71 | L12: =IFERROR(VLOOKUP(B12,Absen!$A$1:$C$501,2,FALSE),"No") -> 44852 | M12: =IF(L12="no",K12,K12-10)*10% -> 6.1 | N12: =SUM(E12*12.5%,F12*12.5%,H12*12.5%,I12*12.5%,G12*20%,J12*20%,M12) -> 63.775 | O12: =VLOOKUP(N12,Helper!$B$30:$C$35,2,TRUE) -> C | P12: =INDEX(Detail!$A$1:$A$1001,MATCH(B12,Detail!$G$1:$G$1001,0)) -> 38212 | Q12: =INDEX(Detail!$F$1:$F$1001,MATCH(Main!B12,Detail!$G$1:$G$1001,0)) -> Balikpapan | R12: =INDEX(Detail!$C$1:$C$1001,MATCH(B12,Detail!$G$1:$G$1001,0),1) -> 166 | S12: =INDEX(Detail!$D$1:$D$1001,MATCH(B12,Detail!$G$1:$G$1001,0),1) -> 81 | T12: =INDEX(Detail!$E$1:$E$1001,MATCH(Main!B12,Detail!$G$1:$G$1001,0)) -> Jalan M.T Haryono No. 8 | U12: =INDEX(Detail!$B$1:$B$1001,MATCH(B12,Detail!$G$1:$G$1001,0),1) -> O+
A13: 83 | B13: =CONCATENATE("A",TEXT(Main!A13,"0000")) -> A0083 | C13: Matematika | D13: =VLOOKUP(B13,Detail!$G$1:$H$1001,2,FALSE) -> Keisha Suryatmi | E13: 58 | F13: 72 | G13: 75 | H13: 60 | I13: 75 | J13: 58 | K13: 93 | L13: =IFERROR(VLOOKUP(B13,Absen!$A$1:$C$501,2,FALSE),"No") -> 44762 | M13: =IF(L13="no",K13,K13-10)*10% -> 8.3 | N13: =SUM(E13*12.5%,F13*12.5%,H13*12.5%,I13*12.5%,G13*20%,J13*20%,M13) -> 68.025 | O13: =VLOOKUP(N13,Helper!$B$30:$C$35,2,TRUE) -> C | P13: =INDEX(Detail!$A$1:$A$1001,MATCH(B13,Detail!$G$1:$G$1001,0)) -> 37240 | Q13: =INDEX(Detail!$F$1:$F$1001,MATCH(Main!B13,Detail!$G$1:$G$1001,0)) -> Bau-Bau | R13: =INDEX(Detail!$C$1:$C$1001,MATCH(B13,Detail!$G$1:$G$1001,0),1) -> 160 | S13: =INDEX(Detail!$D$1:$D$1001,MATCH(B13,Detail!$G$1:$G$1001,0),1) -> 50 | T13: =INDEX(Detail!$E$1:$E$1001,MATCH(Main!B13,Detail!$G$1:$G$1001,0)) -> Jl. Bangka Raya No. 62 | U13: =INDEX(Detail!$B$1:$B$1001,MATCH(B13,Detail!$G$1:$G$1001,0),1) -> AB-
A14: 84 | B14: =CONCATENATE("A",TEXT(Main!A14,"0000")) -> A0084 | C14: Matematika | D14: =VLOOKUP(B14,Detail!$G$1:$H$1001,2,FALSE) -> Kadir Anggriawan | E14: 86 | F14: 61 | G14: 71 | H14: 59 | I14: 62 | J14: 45 | K14: 84 | L14: =IFERROR(VLOOKUP(B14,Absen!$A$1:$C$501,2,FALSE),"No") -> No | M14: =IF(L14="no",K14,K14-10)*10% -> 8.4 | N14: =SUM(E14*12.5%,F14*12.5%,H14*12.5%,I14*12.5%,G14*20%,J14*20%,M14) -> 65.1 | O14: =VLOOKUP(N14,Helper!$B$30:$C$35,2,TRUE) -> C | P14: =INDEX(Detail!$A$1:$A$1001,MATCH(B14,Detail!$G$1:$G$1001,0)) -> 38089 | Q14: =INDEX(Detail!$F$1:$F$1001,MATCH(Main!B14,Detail!$G$1:$G$1001,0)) -> Makassar | R14: =INDEX(Detail!$C$1:$C$1001,MATCH(B14,Detail!$G$1:$G$1001,0),1) -> 156 | S14: =INDEX(Detail!$D$1:$D$1001,MATCH(B14,Detail!$G$1:$G$1001,0),1) -> 50 | T14: =INDEX(Detail!$E$1:$E$1001,MATCH(Main!B14,Detail!$G$1:$G$1001,0)) -> Gang Waringin No. 6 | U14: =INDEX(Detail!$B$1:$B$1001,MATCH(B14,Detail!$G$1:$G$1001,0),1) -> B-
A15: 94 | B15: =CONCATENATE("A",TEXT(Main!A15,"0000")) -> A0094 | C15: Matematika | D15: =VLOOKUP(B15,Detail!$G$1:$H$1001,2,FALSE) -> Umay Suryono | E15: 60 | F15: 46 | G15: 92 | H15: 75 | I15: 72 | J15: 69 | K15: 87 | L15: =IFERROR(VLOOKUP(B15,Absen!$A$1:$C$501,2,FALSE),"No") -> No | M15: =IF(L15="no",K15,K15-10)*10% -> 8.7 | N15: =SUM(E15*12.5%,F15*12.5%,H15*12.5%,I15*12.5%,G15*20%,J15*20%,M15) -> 72.525 | O15: =VLOOKUP(N15,Helper!$B$30:$C$35,2,TRUE) -> B | P15: =INDEX(Detail!$A$1:$A$1001,MATCH(B15,Detail!$G$1:$G$1001,0)) -> 37701 | Q15: =INDEX(Detail!$F$1:$F$1001,MATCH(Main!B15,Detail!$G$1:$G$1001,0)) -> Lubuklinggau | R15: =INDEX(Detail!$C$1:$C$1001,MATCH(B15,Detail!$G$1:$G$1001,0),1) -> 160 | S15: =INDEX(Detail!$D$1:$D$1001,MATCH(B15,Detail!$G$1:$G$1001,0),1) -> 69 | T15: =INDEX(Detail!$E$1:$E$1001,MATCH(Main!B15,Detail!$G$1:$G$1001,0)) -> Jl. Gegerkalong Hilir No. 0 | U15: =INDEX(Detail!$B$1:$B$1001,MATCH(B15,Detail!$G$1:$G$1001,0),1) -> AB-
... A160: 992 | B160: =CONCATENATE("A",TEXT(Main!A160,"0000")) -> A0992 | C160: Matematika | D160: =VLOOKUP(B160,Detail!$G$1:$H$1001,2,FALSE) -> Irfan Nababan | E160: 75 | F160: 56 | G160: 77 | H160: 53 | I160: 80 | J160: 47 | K160: 83 | L160: =IFERROR(VLOOKUP(B160,Absen!$A$1:$C$501,2,FALSE),"No") -> 44862 | M160: =IF(L160="no",K160,K160-10)*10% -> 7.3 | N160: =SUM(E160*12.5%,F160*12.5%,H160*12.5%,I160*12.5%,G160*20%,J160*20%,M160) -> 65.1 | O160: =VLOOKUP(N160,Helper!$B$30:$C$35,2,TRUE) -> C | P160: =INDEX(Detail!$A$1:$A$1001,MATCH(B160,Detail!$G$1:$G$1001,0)) -> 37631 | Q160: =INDEX(Detail!$F$1:$F$1001,MATCH(Main!B160,Detail!$G$1:$G$1001,0)) -> Denpasar | R160: =INDEX(Detail!$C$1:$C$1001,MATCH(B160,Detail!$G$1:$G$1001,0),1) -> 166 | S160: =INDEX(Detail!$D$1:$D$1001,MATCH(B160,Detail!$G$1:$G$1001,0),1) -> 78 | T160: =INDEX(Detail!$E$1:$E$1001,MATCH(Main!B160,Detail!$G$1:$G$1001,0)) -> Gang S. Parman No. 64 | U160: =INDEX(Detail!$B$1:$B$1001,MATCH(B160,Detail!$G$1:$G$1001,0),1) -> B+
A161: 9 | B161: =CONCATENATE("B",TEXT(A161,"0000")) -> B0009 | C161: Fisika | D161: =VLOOKUP(B161,Detail!$G$1:$H$1001,2,FALSE) -> Dina Wahyudin | E161: 77 | F161: 40 | G161: 95 | H161: 75 | I161: 60 | J161: 81 | K161: 73 | L161: =IFERROR(VLOOKUP(B161,Absen!$A$1:$C$501,2,FALSE),"No") -> 44807 | M161: =IF(L161="no",K161,K161-10)*10% -> 6.3 | N161: =SUM(E161*12.5%,F161*12.5%,H161*12.5%,I161*12.5%,G161*20%,J161*20%,M161) -> 73 | O161: =VLOOKUP(N161,Helper!$B$30:$C$35,2,TRUE) -> B | P161: =INDEX(Detail!$A$1:$A$1001,MATCH(B161,Detail!$G$1:$G$1001,0)) -> 37544 | Q161: =INDEX(Detail!$F$1:$F$1001,MATCH(Main!B161,Detail!$G$1:$G$1001,0)) -> Gorontalo | R161: =INDEX(Detail!$C$1:$C$1001,MATCH(B161,Detail!$G$1:$G$1001,0),1) -> 158 | S161: =INDEX(Detail!$D$1:$D$1001,MATCH(B161,Detail!$G$1:$G$1001,0),1) -> 76 | T161: =INDEX(Detail!$E$1:$E$1001,MATCH(Main!B161,Detail!$G$1:$G$1001,0)) -> Gg. Cempaka No. 58 | U161: =INDEX(Detail!$B$1:$B$1001,MATCH(B161,Detail!$G$1:$G$1001,0),1) -> AB+
A162: 11 | B162: =CONCATENATE("B",TEXT(A162,"0000")) -> B0011 | C162: Fisika | D162: =VLOOKUP(B162,Detail!$G$1:$H$1001,2,FALSE) -> Lukita Anggriawan | E162: 80 | F162: 75 | G162: 51 | H162: 52 | I162: 54 | J162: 51 | K162: 79 | L162: =IFERROR(VLOOKUP(B162,Absen!$A$1:$C$501,2,FALSE),"No") -> No | M162: =IF(L162="no",K162,K162-10)*10% -> 7.9 | N162: =SUM(E162*12.5%,F162*12.5%,H162*12.5%,I162*12.5%,G162*20%,J162*20%,M162) -> 60.925 | O162: =VLOOKUP(N162,Helper!$B$30:$C$35,2,TRUE) -> C | P162: =INDEX(Detail!$A$1:$A$1001,MATCH(B162,Detail!$G$1:$G$1001,0)) -> 37860 | Q162: =INDEX(Detail!$F$1:$F$1001,MATCH(Main!B162,Detail!$G$1:$G$1001,0)) -> Binjai | R162: =INDEX(Detail!$C$1:$C$1001,MATCH(B162,Detail!$G$1:$G$1001,0),1) -> 158 | S162: =INDEX(Detail!$D$1:$D$1001,MATCH(B162,Detail!$G$1:$G$1001,0),1) -> 70 | T162: =INDEX(Detail!$E$1:$E$1001,MATCH(Main!B162,Detail!$G$1:$G$1001,0)) -> Jalan Waringin No. 1 | U162: =INDEX(Detail!$B$1:$B$1001,MATCH(B162,Detail!$G$1:$G$1001,0),1) -> A+
A163: 12 | B163: =CONCATENATE("B",TEXT(A163,"0000")) -> B0012 | C163: Fisika | D163: =VLOOKUP(B163,Detail!$G$1:$H$1001,2,FALSE) -> Jatmiko Halimah | E163: 89 | F163: 66 | G163: 58 | H163: 56 | I163: 72 | J163: 40 | K163: 66 | L163: =IFERROR(VLOOKUP(B163,Absen!$A$1:$C$501,2,FALSE),"No") -> 44826 | M163: =IF(L163="no",K163,K163-10)*10% -> 5.6 | N163: =SUM(E163*12.5%,F163*12.5%,H163*12.5%,I163*12.5%,G163*20%,J163*20%,M163) -> 60.575 | O163: =VLOOKUP(N163,Helper!$B$30:$C$35,2,TRUE) -> C | P163: =INDEX(Detail!$A$1:$A$1001,MATCH(B163,Detail!$G$1:$G$1001,0)) -> 37738 | Q163: =INDEX(Detail!$F$1:$F$1001,MATCH(Main!B163,Detail!$G$1:$G$1001,0)) -> Pekalongan | R163: =INDEX(Detail!$C$1:$C$1001,MATCH(B163,Detail!$G$1:$G$1001,0),1) -> 167 | S163: =INDEX(Detail!$D$1:$D$1001,MATCH(B163,Detail!$G$1:$G$1001,0),1) -> 78 | T163: =INDEX(Detail!$E$1:$E$1001,MATCH(Main!B163,Detail!$G$1:$G$1001,0)) -> Jl. Kutai No. 34 | U163: =INDEX(Detail!$B$1:$B$1001,MATCH(B163,Detail!$G$1:$G$1001,0),1) -> AB-
A164: 23 | B164: =CONCATENATE("B",TEXT(A164,"0000")) -> B0023 | C164: Fisika | D164: =VLOOKUP(B164,Detail!$G$1:$H$1001,2,FALSE) -> Wakiman Prastuti | E164: 84 | F164: 49 | G164: 87 | H164: 56 | I164: 64 | J164: 60 | K164: 73 | L164: =IFERROR(VLOOKUP(B164,Absen!$A$1:$C$501,2,FALSE),"No") -> No | M164: =IF(L164="no",K164,K164-10)*10% -> 7.3 | N164: =SUM(E164*12.5%,F164*12.5%,H164*12.5%,I164*12.5%,G164*20%,J164*20%,M164) -> 68.325 | O164: =VLOOKUP(N164,Helper!$B$30:$C$35,2,TRUE) -> C | P164: =INDEX(Detail!$A$1:$A$1001,MATCH(B164,Detail!$G$1:$G$1001,0)) -> 38066 | Q164: =INDEX(Detail!$F$1:$F$1001,MATCH(Main!B164,Detail!$G$1:$G$1001,0)) -> Batu | R164: =INDEX(Detail!$C$1:$C$1001,MATCH(B164,Detail!$G$1:$G$1001,0),1) -> 166 | S164: =INDEX(Detail!$D$1:$D$1001,MATCH(B164,Detail!$G$1:$G$1001,0),1) -> 50 | T164: =INDEX(Detail!$E$1:$E$1001,MATCH(Main!B164,Detail!$G$1:$G$1001,0)) -> Jl. PHH. Mustofa No. 9 | U164: =INDEX(Detail!$B$1:$B$1001,MATCH(B164,Detail!$G$1:$G$1001,0),1) -> O-
A165: 35 | B165: =CONCATENATE("B",TEXT(A165,"0000")) -> B0035 | C165: Fisika | D165: =VLOOKUP(B165,Detail!$G$1:$H$1001,2,FALSE) -> Embuh Adriansyah | E165: 70 | F165: 53 | G165: 88 | H165: 67 | I165: 75 | J165: 60 | K165: 63 | L165: =IFERROR(VLOOKUP(B165,Absen!$A$1:$C$501,2,FALSE),"No") -> 44789 | M165: =IF(L165="no",K165,K165-10)*10% -> 5.3 | N165: =SUM(E165*12.5%,F165*12.5%,H165*12.5%,I165*12.5%,G165*20%,J165*20%,M165) -> 68.025 | O165: =VLOOKUP(N165,Helper!$B$30:$C$35,2,TRUE) -> C | P165: =INDEX(Detail!$A$1:$A$1001,MATCH(B165,Detail!$G$1:$G$1001,0)) -> 37906 | Q165: =INDEX(Detail!$F$1:$F$1001,MATCH(Main!B165,Detail!$G$1:$G$1001,0)) -> Bitung | R165: =INDEX(Detail!$C$1:$C$1001,MATCH(B165,Detail!$G$1:$G$1001,0),1) -> 171 | S165: =INDEX(Detail!$D$1:$D$1001,MATCH(B165,Detail!$G$1:$G$1001,0),1) -> 67 | T165: =INDEX(Detail!$E$1:$E$1001,MATCH(Main!B165,Detail!$G$1:$G$1001,0)) -> Gang Otto Iskandardinata No. 06 | U165: =INDEX(Detail!$B$1:$B$1001,MATCH(B165,Detail!$G$1:$G$1001,0),1) -> O+
A166: 37 | B166: =CONCATENATE("B",TEXT(A166,"0000")) -> B0037 | C166: Fisika | D166: =VLOOKUP(B166,Detail!$G$1:$H$1001,2,FALSE) -> Hendra Pratama | E166: 72 | F166: 54 | G166: 55 | H166: 58 | I166: 72 | J166: 73 | K166: 82 | L166: =IFERROR(VLOOKUP(B166,Absen!$A$1:$C$501,2,FALSE),"No") -> No | M166: =IF(L166="no",K166,K166-10)*10% -> 8.2 | N166: =SUM(E166*12.5%,F166*12.5%,H166*12.5%,I166*12.5%,G166*20%,J166*20%,M166) -> 65.8 | O166: =VLOOKUP(N166,Helper!$B$30:$C$35,2,TRUE) -> C | P166: =INDEX(Detail!$A$1:$A$1001,MATCH(B166,Detail!$G$1:$G$1001,0)) -> 37192 | Q166: =INDEX(Detail!$F$1:$F$1001,MATCH(Main!B166,Detail!$G$1:$G$1001,0)) -> Tual | R166: =INDEX(Detail!$C$1:$C$1001,MATCH(B166,Detail!$G$1:$G$1001,0),1) -> 174 | S166: =INDEX(Detail!$D$1:$D$1001,MATCH(B166,Detail!$G$1:$G$1001,0),1) -> 57 | T166: =INDEX(Detail!$E$1:$E$1001,MATCH(Main!B166,Detail!$G$1:$G$1001,0)) -> Gg. Ahmad Dahlan No. 15 | U166: =INDEX(Detail!$B$1:$B$1001,MATCH(B166,Detail!$G$1:$G$1001,0),1) -> A+
A167: 42 | B167: =CONCATENATE("B",TEXT(A167,"0000")) -> B0042 | C167: Fisika | D167: =VLOOKUP(B167,Detail!$G$1:$H$1001,2,FALSE) -> Darijan Zulkarnain | E167: 78 | F167: 52 | G167: 94 | H167: 69 | I167: 86 | J167: 68 | K167: 89 | L167: =IFERROR(VLOOKUP(B167,Absen!$A$1:$C$501,2,FALSE),"No") -> No | M167: =IF(L167="no",K167,K167-10)*10% -> 8.9 | N167: =SUM(E167*12.5%,F167*12.5%,H167*12.5%,I167*12.5%,G167*20%,J167*20%,M167) -> 76.925 | O167: =VLOOKUP(N167,Helper!$B$30:$C$35,2,TRUE) -> B | P167: =INDEX(Detail!$A$1:$A$1001,MATCH(B167,Detail!$G$1:$G$1001,0)) -> 38412 | Q167: =INDEX(Detail!$F$1:$F$1001,MATCH(Main!B167,Detail!$G$1:$G$1001,0)) -> Balikpapan | R167: =INDEX(Detail!$C$1:$C$1001,MATCH(B167,Detail!$G$1:$G$1001,0),1) -> 150 | S167: =INDEX(Detail!$D$1:$D$1001,MATCH(B167,Detail!$G$1:$G$1001,0),1) -> 85 | T167: =INDEX(Detail!$E$1:$E$1001,MATCH(Main!B167,Detail!$G$1:$G$1001,0)) -> Gang Surapati No. 95 | U167: =INDEX(Detail!$B$1:$B$1001,MATCH(B167,Detail!$G$1:$G$1001,0),1) -> A+
A168: 48 | B168: =CONCATENATE("B",TEXT(A168,"0000")) -> B0048 | C168: Fisika | D168: =VLOOKUP(B168,Detail!$G$1:$H$1001,2,FALSE) -> Pandu Laksmiwati | E168: 77 | F168: 49 | G168: 40 | H168: 67 | I168: 77 | J168: 62 | K168: 89 | L168: =IFERROR(VLOOKUP(B168,Absen!$A$1:$C$501,2,FALSE),"No") -> No | M168: =IF(L168="no",K168,K168-10)*10% -> 8.9 | N168: =SUM(E168*12.5%,F168*12.5%,H168*12.5%,I168*12.5%,G168*20%,J168*20%,M168) -> 63.05 | O168: =VLOOKUP(N168,Helper!$B$30:$C$35,2,TRUE) -> C | P168: =INDEX(Detail!$A$1:$A$1001,MATCH(B168,Detail!$G$1:$G$1001,0)) -> 37255 | Q168: =INDEX(Detail!$F$1:$F$1001,MATCH(Main!B168,Detail!$G$1:$G$1001,0)) -> Bau-Bau | R168: =INDEX(Detail!$C$1:$C$1001,MATCH(B168,Detail!$G$1:$G$1001,0),1) -> 159 | S168: =INDEX(Detail!$D$1:$D$1001,MATCH(B168,Detail!$G$1:$G$1001,0),1) -> 56 | T168: =INDEX(Detail!$E$1:$E$1001,MATCH(Main!B168,Detail!$G$1:$G$1001,0)) -> Gg. Abdul Muis No. 9 | U168: =INDEX(Detail!$B$1:$B$1001,MATCH(B168,Detail!$G$1:$G$1001,0),1) -> O+
A169: 56 | B169: =CONCATENATE("B",TEXT(A169,"0000")) -> B0056 | C169: Fisika | D169: =VLOOKUP(B169,Detail!$G$1:$H$1001,2,FALSE) -> Hartana Astuti | E169: 59 | F169: 44 | G169: 81 | H169: 69 | I169: 57 | J169: 44 | K169: 91 | L169: =IFERROR(VLOOKUP(B169,Absen!$A$1:$C$501,2,FALSE),"No") -> 44767 | M169: =IF(L169="no",K169,K169-10)*10% -> 8.1 | N169: =SUM(E169*12.5%,F169*12.5%,H169*12.5%,I169*12.5%,G169*20%,J169*20%,M169) -> 61.725 | O169: =VLOOKUP(N169,Helper!$B$30:$C$35,2,TRUE) -> C | P169: =INDEX(Detail!$A$1:$A$1001,MATCH(B169,Detail!$G$1:$G$1001,0)) -> 37336 | Q169: =INDEX(Detail!$F$1:$F$1001,MATCH(Main!B169,Detail!$G$1:$G$1001,0)) -> Tarakan | R169: =INDEX(Detail!$C$1:$C$1001,MATCH(B169,Detail!$G$1:$G$1001,0),1) -> 168 | S169: =INDEX(Detail!$D$1:$D$1001,MATCH(B169,Detail!$G$1:$G$1001,0),1) -> 51 | T169: =INDEX(Detail!$E$1:$E$1001,MATCH(Main!B169,Detail!$G$1:$G$1001,0)) -> Gang Ronggowarsito No. 37 | U169: =INDEX(Detail!$B$1:$B$1001,MATCH(B169,Detail!$G$1:$G$1001,0),1) -> A-
A170: 66 | B170: =CONCATENATE("B",TEXT(A170,"0000")) -> B0066 | C170: Fisika | D170: =VLOOKUP(B170,Detail!$G$1:$H$1001,2,FALSE) -> Arsipatra Lailasari | E170: 57 | F170: 46 | G170: 44 | H170: 70 | I170: 57 | J170: 88 | K170: 88 | L170: =IFERROR(VLOOKUP(B170,Absen!$A$1:$C$501,2,FALSE),"No") -> 44835 | M170: =IF(L170="no",K170,K170-10)*10% -> 7.8 | N170: =SUM(E170*12.5%,F170*12.5%,H170*12.5%,I170*12.5%,G170*20%,J170*20%,M170) -> 62.95 | O170: =VLOOKUP(N170,Helper!$B$30:$C$35,2,TRUE) -> C | P170: =INDEX(Detail!$A$1:$A$1001,MATCH(B170,Detail!$G$1:$G$1001,0)) -> 38283 | Q170: =INDEX(Detail!$F$1:$F$1001,MATCH(Main!B170,Detail!$G$1:$G$1001,0)) -> Batam | R170: =INDEX(Detail!$C$1:$C$1001,MATCH(B170,Detail!$G$1:$G$1001,0),1) -> 180 | S170: =INDEX(Detail!$D$1:$D$1001,MATCH(B170,Detail!$G$1:$G$1001,0),1) -> 76 | T170: =INDEX(Detail!$E$1:$E$1001,MATCH(Main!B170,Detail!$G$1:$G$1001,0)) -> Jl. Kutisari Selatan No. 43 | U170: =INDEX(Detail!$B$1:$B$1001,MATCH(B170,Detail!$G$1:$G$1001,0),1) -> A-
A171: 76 | B171: =CONCATENATE("B",TEXT(A171,"0000")) -> B0076 | C171: Fisika | D171: =VLOOKUP(B171,Detail!$G$1:$H$1001,2,FALSE) -> Paulin Hariyah | E171: 54 | F171: 74 | G171: 52 | H171: 60 | I171: 89 | J171: 93 | K171: 69 | L171: =IFERROR(VLOOKUP(B171,Absen!$A$1:$C$501,2,FALSE),"No") -> No | M171: =IF(L171="no",K171,K171-10)*10% -> 6.9 | N171: =SUM(E171*12.5%,F171*12.5%,H171*12.5%,I171*12.5%,G171*20%,J171*20%,M171) -> 70.525 | O171: =VLOOKUP(N171,Helper!$B$30:$C$35,2,TRUE) -> B | P171: =INDEX(Detail!$A$1:$A$1001,MATCH(B171,Detail!$G$1:$G$1001,0)) -> 38067 | Q171: =INDEX(Detail!$F$1:$F$1001,MATCH(Main!B171,Detail!$G$1:$G$1001,0)) -> Tidore Kepulauan | R171: =INDEX(Detail!$C$1:$C$1001,MATCH(B171,Detail!$G$1:$G$1001,0),1) -> 151 | S171: =INDEX(Detail!$D$1:$D$1001,MATCH(B171,Detail!$G$1:$G$1001,0),1) -> 93 | T171: =INDEX(Detail!$E$1:$E$1001,MATCH(Main!B171,Detail!$G$1:$G$1001,0)) -> Gg. Peta No. 50 | U171: =INDEX(Detail!$B$1:$B$1001,MATCH(B171,Detail!$G$1:$G$1001,0),1) -> AB+
A172: 79 | B172: =CONCATENATE("B",TEXT(A172,"0000")) -> B0079 | C172: Fisika | D172: =VLOOKUP(B172,Detail!$G$1:$H$1001,2,FALSE) -> Edi Nashiruddin | E172: 63 | F172: 49 | G172: 55 | H172: 65 | I172: 67 | J172: 44 | K172: 66 | L172: =IFERROR(VLOOKUP(B172,Absen!$A$1:$C$501,2,FALSE),"No") -> No | M172: =IF(L172="no",K172,K172-10)*10% -> 6.6 | N172: =SUM(E172*12.5%,F172*12.5%,H172*12.5%,I172*12.5%,G172*20%,J172*20%,M172) -> 56.9 | O172: =VLOOKUP(N172,Helper!$B$30:$C$35,2,TRUE) -> D | P172: =INDEX(Detail!$A$1:$A$1001,MATCH(B172,Detail!$G$1:$G$1001,0)) -> 37433 | Q172: =INDEX(Detail!$F$1:$F$1001,MATCH(Main!B172,Detail!$G$1:$G$1001,0)) -> Denpasar | R172: =INDEX(Detail!$C$1:$C$1001,MATCH(B172,Detail!$G$1:$G$1001,0),1) -> 166 | S172: =INDEX(Detail!$D$1:$D$1001,MATCH(B172,Detail!$G$1:$G$1001,0),1) -> 67 | T172: =INDEX(Detail!$E$1:$E$1001,MATCH(Main!B172,Detail!$G$1:$G$1001,0)) -> Jalan Dr. Djunjunan No. 3 | U172: =INDEX(Detail!$B$1:$B$1001,MATCH(B172,Detail!$G$1:$G$1001,0),1) -> O+
... A320: 993 | B320: =CONCATENATE("B",TEXT(A320,"0000")) -> B0993 | C320: Fisika | D320: =VLOOKUP(B320,Detail!$G$1:$H$1001,2,FALSE) -> Novi Prabowo | E320: 89 | F320: 63 | G320: 66 | H320: 55 | I320: 95 | J320: 75 | K320: 93 | L320: =IFERROR(VLOOKUP(B320,Absen!$A$1:$C$501,2,FALSE),"No") -> 44810 | M320: =IF(L320="no",K320,K320-10)*10% -> 8.3 | N320: =SUM(E320*12.5%,F320*12.5%,H320*12.5%,I320*12.5%,G320*20%,J320*20%,M320) -> 74.25 | O320: =VLOOKUP(N320,Helper!$B$30:$C$35,2,TRUE) -> B | P320: =INDEX(Detail!$A$1:$A$1001,MATCH(B320,Detail!$G$1:$G$1001,0)) -> 38204 | Q320: =INDEX(Detail!$F$1:$F$1001,MATCH(Main!B320,Detail!$G$1:$G$1001,0)) -> Pariaman | R320: =INDEX(Detail!$C$1:$C$1001,MATCH(B320,Detail!$G$1:$G$1001,0),1) -> 157 | S320: =INDEX(Detail!$D$1:$D$1001,MATCH(B320,Detail!$G$1:$G$1001,0),1) -> 51 | T320: =INDEX(Detail!$E$1:$E$1001,MATCH(Main!B320,Detail!$G$1:$G$1001,0)) -> Gang Cihampelas No. 1 | U320: =INDEX(Detail!$B$1:$B$1001,MATCH(B320,Detail!$G$1:$G$1001,0),1) -> A-
A321: 19 | B321: =CONCATENATE("C",TEXT(A321,"0000")) -> C0019 | C321: Kimia | D321: =VLOOKUP(B321,Detail!$G$1:$H$1001,2,FALSE) -> Daniswara Manullang | E321: 85 | F321: 63 | G321: 93 | H321: 65 | I321: 84 | J321: 48 | K321: 89 | L321: =IFERROR(VLOOKUP(B321,Absen!$A$1:$C$501,2,FALSE),"No") -> 44846 | M321: =IF(L321="no",K321,K321-10)*10% -> 7.9 | N321: =SUM(E321*12.5%,F321*12.5%,H321*12.5%,I321*12.5%,G321*20%,J321*20%,M321) -> 73.225 | O321: =VLOOKUP(N321,Helper!$B$30:$C$35,2,TRUE) -> B | P321: =INDEX(Detail!$A$1:$A$1001,MATCH(B321,Detail!$G$1:$G$1001,0)) -> 38185 | Q321: =INDEX(Detail!$F$1:$F$1001,MATCH(Main!B321,Detail!$G$1:$G$1001,0)) -> Banda Aceh | R321: =INDEX(Detail!$C$1:$C$1001,MATCH(B321,Detail!$G$1:$G$1001,0),1) -> 161 | S321: =INDEX(Detail!$D$1:$D$1001,MATCH(B321,Detail!$G$1:$G$1001,0),1) -> 89 | T321: =INDEX(Detail!$E$1:$E$1001,MATCH(Main!B321,Detail!$G$1:$G$1001,0)) -> Jalan Dipenogoro No. 70 | U321: =INDEX(Detail!$B$1:$B$1001,MATCH(B321,Detail!$G$1:$G$1001,0),1) -> AB+
A322: 29 | B322: =CONCATENATE("C",TEXT(A322,"0000")) -> C0029 | C322: Kimia | D322: =VLOOKUP(B322,Detail!$G$1:$H$1001,2,FALSE) -> Banawi Laksita | E322: 72 | F322: 51 | G322: 43 | H322: 74 | I322: 56 | J322: 50 | K322: 79 | L322: =IFERROR(VLOOKUP(B322,Absen!$A$1:$C$501,2,FALSE),"No") -> 44772 | M322: =IF(L322="no",K322,K322-10)*10% -> 6.9 | N322: =SUM(E322*12.5%,F322*12.5%,H322*12.5%,I322*12.5%,G322*20%,J322*20%,M322) -> 57.125 | O322: =VLOOKUP(N322,Helper!$B$30:$C$35,2,TRUE) -> D | P322: =INDEX(Detail!$A$1:$A$1001,MATCH(B322,Detail!$G$1:$G$1001,0)) -> 37209 | Q322: =INDEX(Detail!$F$1:$F$1001,MATCH(Main!B322,Detail!$G$1:$G$1001,0)) -> Langsa | R322: =INDEX(Detail!$C$1:$C$1001,MATCH(B322,Detail!$G$1:$G$1001,0),1) -> 150 | S322: =INDEX(Detail!$D$1:$D$1001,MATCH(B322,Detail!$G$1:$G$1001,0),1) -> 82 | T322: =INDEX(Detail!$E$1:$E$1001,MATCH(Main!B322,Detail!$G$1:$G$1001,0)) -> Gang Rajawali Timur No. 4 | U322: =INDEX(Detail!$B$1:$B$1001,MATCH(B322,Detail!$G$1:$G$1001,0),1) -> A-
A323: 30 | B323: =CONCATENATE("C",TEXT(A323,"0000")) -> C0030 | C323: Kimia | D323: =VLOOKUP(B323,Detail!$G$1:$H$1001,2,FALSE) -> Dewi Budiman | E323: 59 | F323: 46 | G323: 87 | H323: 71 | I323: 57 | J323: 48 | K323: 71 | L323: =IFERROR(VLOOKUP(B323,Absen!$A$1:$C$501,2,FALSE),"No") -> 44883 | M323: =IF(L323="no",K323,K323-10)*10% -> 6.1 | N323: =SUM(E323*12.5%,F323*12.5%,H323*12.5%,I323*12.5%,G323*20%,J323*20%,M323) -> 62.225 | O323: =VLOOKUP(N323,Helper!$B$30:$C$35,2,TRUE) -> C | P323: =INDEX(Detail!$A$1:$A$1001,MATCH(B323,Detail!$G$1:$G$1001,0)) -> 38444 | Q323: =INDEX(Detail!$F$1:$F$1001,MATCH(Main!B323,Detail!$G$1:$G$1001,0)) -> Samarinda | R323: =INDEX(Detail!$C$1:$C$1001,MATCH(B323,Detail!$G$1:$G$1001,0),1) -> 180 | S323: =INDEX(Detail!$D$1:$D$1001,MATCH(B323,Detail!$G$1:$G$1001,0),1) -> 86 | T323: =INDEX(Detail!$E$1:$E$1001,MATCH(Main!B323,Detail!$G$1:$G$1001,0)) -> Jl. Medokan Ayu No. 73 | U323: =INDEX(Detail!$B$1:$B$1001,MATCH(B323,Detail!$G$1:$G$1001,0),1) -> A-
A324: 49 | B324: =CONCATENATE("C",TEXT(A324,"0000")) -> C0049 | C324: Kimia | D324: =VLOOKUP(B324,Detail!$G$1:$H$1001,2,FALSE) -> Cecep Mansur | E324: 51 | F324: 62 | G324: 51 | H324: 54 | I324: 68 | J324: 100 | K324: 82 | L324: =IFERROR(VLOOKUP(B324,Absen!$A$1:$C$501,2,FALSE),"No") -> No | M324: =IF(L324="no",K324,K324-10)*10% -> 8.2 | N324: =SUM(E324*12.5%,F324*12.5%,H324*12.5%,I324*12.5%,G324*20%,J324*20%,M324) -> 67.775 | O324: =VLOOKUP(N324,Helper!$B$30:$C$35,2,TRUE) -> C | P324: =INDEX(Detail!$A$1:$A$1001,MATCH(B324,Detail!$G$1:$G$1001,0)) -> 37102 | Q324: =INDEX(Detail!$F$1:$F$1001,MATCH(Main!B324,Detail!$G$1:$G$1001,0)) -> Magelang | R324: =INDEX(Detail!$C$1:$C$1001,MATCH(B324,Detail!$G$1:$G$1001,0),1) -> 180 | S324: =INDEX(Detail!$D$1:$D$1001,MATCH(B324,Detail!$G$1:$G$1001,0),1) -> 56 | T324: =INDEX(Detail!$E$1:$E$1001,MATCH(Main!B324,Detail!$G$1:$G$1001,0)) -> Jl. Indragiri No. 50 | U324: =INDEX(Detail!$B$1:$B$1001,MATCH(B324,Detail!$G$1:$G$1001,0),1) -> A+
A325: 54 | B325: =CONCATENATE("C",TEXT(A325,"0000")) -> C0054 | C325: Kimia | D325: =VLOOKUP(B325,Detail!$G$1:$H$1001,2,FALSE) -> Radika Aryani | E325: 77 | F325: 69 | G325: 61 | H325: 73 | I325: 52 | J325: 99 | K325: 91 | L325: =IFERROR(VLOOKUP(B325,Absen!$A$1:$C$501,2,FALSE),"No") -> 44847 | M325: =IF(L325="no",K325,K325-10)*10% -> 8.1 | N325: =SUM(E325*12.5%,F325*12.5%,H325*12.5%,I325*12.5%,G325*20%,J325*20%,M325) -> 73.975 | O325: =VLOOKUP(N325,Helper!$B$30:$C$35,2,TRUE) -> B | P325: =INDEX(Detail!$A$1:$A$1001,MATCH(B325,Detail!$G$1:$G$1001,0)) -> 37113 | Q325: =INDEX(Detail!$F$1:$F$1001,MATCH(Main!B325,Detail!$G$1:$G$1001,0)) -> Cimahi | R325: =INDEX(Detail!$C$1:$C$1001,MATCH(B325,Detail!$G$1:$G$1001,0),1) -> 179 | S325: =INDEX(Detail!$D$1:$D$1001,MATCH(B325,Detail!$G$1:$G$1001,0),1) -> 57 | T325: =INDEX(Detail!$E$1:$E$1001,MATCH(Main!B325,Detail!$G$1:$G$1001,0)) -> Jl. Suniaraja No. 5 | U325: =INDEX(Detail!$B$1:$B$1001,MATCH(B325,Detail!$G$1:$G$1001,0),1) -> O-
A326: 55 | B326: =CONCATENATE("C",TEXT(A326,"0000")) -> C0055 | C326: Kimia | D326: =VLOOKUP(B326,Detail!$G$1:$H$1001,2,FALSE) -> Warji Wahyudin | E326: 68 | F326: 72 | G326: 58 | H326: 64 | I326: 56 | J326: 42 | K326: 74 | L326: =IFERROR(VLOOKUP(B326,Absen!$A$1:$C$501,2,FALSE),"No") -> No | M326: =IF(L326="no",K326,K326-10)*10% -> 7.4 | N326: =SUM(E326*12.5%,F326*12.5%,H326*12.5%,I326*12.5%,G326*20%,J326*20%,M326) -> 59.9 | O326: =VLOOKUP(N326,Helper!$B$30:$C$35,2,TRUE) -> D | P326: =INDEX(Detail!$A$1:$A$1001,MATCH(B326,Detail!$G$1:$G$1001,0)) -> 38369 | Q326: =INDEX(Detail!$F$1:$F$1001,MATCH(Main!B326,Detail!$G$1:$G$1001,0)) -> Lhokseumawe | R326: =INDEX(Detail!$C$1:$C$1001,MATCH(B326,Detail!$G$1:$G$1001,0),1) -> 155 | S326: =INDEX(Detail!$D$1:$D$1001,MATCH(B326,Detail!$G$1:$G$1001,0),1) -> 73 | T326: =INDEX(Detail!$E$1:$E$1001,MATCH(Main!B326,Detail!$G$1:$G$1001,0)) -> Jalan Kebonjati No. 08 | U326: =INDEX(Detail!$B$1:$B$1001,MATCH(B326,Detail!$G$1:$G$1001,0),1) -> B-
A327: 64 | B327: =CONCATENATE("C",TEXT(A327,"0000")) -> C0064 | C327: Kimia | D327: =VLOOKUP(B327,Detail!$G$1:$H$1001,2,FALSE) -> Gantar Sihombing | E327: 68 | F327: 53 | G327: 87 | H327: 55 | I327: 91 | J327: 78 | K327: 90 | L327: =IFERROR(VLOOKUP(B327,Absen!$A$1:$C$501,2,FALSE),"No") -> 44887 | M327: =IF(L327="no",K327,K327-10)*10% -> 8 | N327: =SUM(E327*12.5%,F327*12.5%,H327*12.5%,I327*12.5%,G327*20%,J327*20%,M327) -> 74.375 | O327: =VLOOKUP(N327,Helper!$B$30:$C$35,2,TRUE) -> B | P327: =INDEX(Detail!$A$1:$A$1001,MATCH(B327,Detail!$G$1:$G$1001,0)) -> 37710 | Q327: =INDEX(Detail!$F$1:$F$1001,MATCH(Main!B327,Detail!$G$1:$G$1001,0)) -> Pasuruan | R327: =INDEX(Detail!$C$1:$C$1001,MATCH(B327,Detail!$G$1:$G$1001,0),1) -> 158 | S327: =INDEX(Detail!$D$1:$D$1001,MATCH(B327,Detail!$G$1:$G$1001,0),1) -> 52 | T327: =INDEX(Detail!$E$1:$E$1001,MATCH(Main!B327,Detail!$G$1:$G$1001,0)) -> Gang Waringin No. 6 | U327: =INDEX(Detail!$B$1:$B$1001,MATCH(B327,Detail!$G$1:$G$1001,0),1) -> AB+
A328: 67 | B328: =CONCATENATE("C",TEXT(A328,"0000")) -> C0067 | C328: Kimia | D328: =VLOOKUP(B328,Detail!$G$1:$H$1001,2,FALSE) -> Siti Manullang | E328: 60 | F328: 65 | G328: 51 | H328: 58 | I328: 78 | J328: 72 | K328: 77 | L328: =IFERROR(VLOOKUP(B328,Absen!$A$1:$C$501,2,FALSE),"No") -> No | M328: =IF(L328="no",K328,K328-10)*10% -> 7.7 | N328: =SUM(E328*12.5%,F328*12.5%,H328*12.5%,I328*12.5%,G328*20%,J328*20%,M328) -> 64.925 | O328: =VLOOKUP(N328,Helper!$B$30:$C$35,2,TRUE) -> C | P328: =INDEX(Detail!$A$1:$A$1001,MATCH(B328,Detail!$G$1:$G$1001,0)) -> 37133 | Q328: =INDEX(Detail!$F$1:$F$1001,MATCH(Main!B328,Detail!$G$1:$G$1001,0)) -> Binjai | R328: =INDEX(Detail!$C$1:$C$1001,MATCH(B328,Detail!$G$1:$G$1001,0),1) -> 173 | S328: =INDEX(Detail!$D$1:$D$1001,MATCH(B328,Detail!$G$1:$G$1001,0),1) -> 93 | T328: =INDEX(Detail!$E$1:$E$1001,MATCH(Main!B328,Detail!$G$1:$G$1001,0)) -> Gg. Dipenogoro No. 2 | U328: =INDEX(Detail!$B$1:$B$1001,MATCH(B328,Detail!$G$1:$G$1001,0),1) -> A-
A329: 69 | B329: =CONCATENATE("C",TEXT(A329,"0000")) -> C0069 | C329: Kimia | D329: =VLOOKUP(B329,Detail!$G$1:$H$1001,2,FALSE) -> Niyaga Pradipta | E329: 78 | F329: 68 | G329: 38 | H329: 59 | I329: 56 | J329: 78 | K329: 91 | L329: =IFERROR(VLOOKUP(B329,Absen!$A$1:$C$501,2,FALSE),"No") -> No | M329: =IF(L329="no",K329,K329-10)*10% -> 9.1 | N329: =SUM(E329*12.5%,F329*12.5%,H329*12.5%,I329*12.5%,G329*20%,J329*20%,M329) -> 64.925 | O329: =VLOOKUP(N329,Helper!$B$30:$C$35,2,TRUE) -> C | P329: =INDEX(Detail!$A$1:$A$1001,MATCH(B329,Detail!$G$1:$G$1001,0)) -> 38030 | Q329: =INDEX(Detail!$F$1:$F$1001,MATCH(Main!B329,Detail!$G$1:$G$1001,0)) -> Surakarta | R329: =INDEX(Detail!$C$1:$C$1001,MATCH(B329,Detail!$G$1:$G$1001,0),1) -> 163 | S329: =INDEX(Detail!$D$1:$D$1001,MATCH(B329,Detail!$G$1:$G$1001,0),1) -> 48 | T329: =INDEX(Detail!$E$1:$E$1001,MATCH(Main!B329,Detail!$G$1:$G$1001,0)) -> Gg. Rawamangun No. 30 | U329: =INDEX(Detail!$B$1:$B$1001,MATCH(B329,Detail!$G$1:$G$1001,0),1) -> B+
A330: 85 | B330: =CONCATENATE("C",TEXT(A330,"0000")) -> C0085 | C330: Kimia | D330: =VLOOKUP(B330,Detail!$G$1:$H$1001,2,FALSE) -> Gamani Susanti | E330: 61 | F330: 49 | G330: 56 | H330: 56 | I330: 52 | J330: 97 | K330: 63 | L330: =IFERROR(VLOOKUP(B330,Absen!$A$1:$C$501,2,FALSE),"No") -> No | M330: =IF(L330="no",K330,K330-10)*10% -> 6.3 | N330: =SUM(E330*12.5%,F330*12.5%,H330*12.5%,I330*12.5%,G330*20%,J330*20%,M330) -> 64.15 | O330: =VLOOKUP(N330,Helper!$B$30:$C$35,2,TRUE) -> C | P330: =INDEX(Detail!$A$1:$A$1001,MATCH(B330,Detail!$G$1:$G$1001,0)) -> 38394 | Q330: =INDEX(Detail!$F$1:$F$1001,MATCH(Main!B330,Detail!$G$1:$G$1001,0)) -> Pekanbaru | R330: =INDEX(Detail!$C$1:$C$1001,MATCH(B330,Detail!$G$1:$G$1001,0),1) -> 167 | S330: =INDEX(Detail!$D$1:$D$1001,MATCH(B330,Detail!$G$1:$G$1001,0),1) -> 91 | T330: =INDEX(Detail!$E$1:$E$1001,MATCH(Main!B330,Detail!$G$1:$G$1001,0)) -> Jalan Surapati No. 19 | U330: =INDEX(Detail!$B$1:$B$1001,MATCH(B330,Detail!$G$1:$G$1001,0),1) -> O+
A331: 86 | B331: =CONCATENATE("C",TEXT(A331,"0000")) -> C0086 | C331: Kimia | D331: =VLOOKUP(B331,Detail!$G$1:$H$1001,2,FALSE) -> Elvin Tarihoran | E331: 81 | F331: 52 | G331: 56 | H331: 63 | I331: 80 | J331: 94 | K331: 71 | L331: =IFERROR(VLOOKUP(B331,Absen!$A$1:$C$501,2,FALSE),"No") -> No | M331: =IF(L331="no",K331,K331-10)*10% -> 7.1 | N331: =SUM(E331*12.5%,F331*12.5%,H331*12.5%,I331*12.5%,G331*20%,J331*20%,M331) -> 71.6 | O331: =VLOOKUP(N331,Helper!$B$30:$C$35,2,TRUE) -> B | P331: =INDEX(Detail!$A$1:$A$1001,MATCH(B331,Detail!$G$1:$G$1001,0)) -> 37793 | Q331: =INDEX(Detail!$F$1:$F$1001,MATCH(Main!B331,Detail!$G$1:$G$1001,0)) -> Bogor | R331: =INDEX(Detail!$C$1:$C$1001,MATCH(B331,Detail!$G$1:$G$1001,0),1) -> 167 | S331: =INDEX(Detail!$D$1:$D$1001,MATCH(B331,Detail!$G$1:$G$1001,0),1) -> 76 | T331: =INDEX(Detail!$E$1:$E$1001,MATCH(Main!B331,Detail!$G$1:$G$1001,0)) -> Gg. Monginsidi No. 76 | U331: =INDEX(Detail!$B$1:$B$1001,MATCH(B331,Detail!$G$1:$G$1001,0),1) -> O-
A332: 101 | B332: =CONCATENATE("C",TEXT(A332,"0000")) -> C0101 | C332: Kimia | D332: =VLOOKUP(B332,Detail!$G$1:$H$1001,2,FALSE) -> Dodo Hassanah | E332: 57 | F332: 43 | G332: 61 | H332: 50 | I332: 79 | J332: 82 | K332: 60 | L332: =IFERROR(VLOOKUP(B332,Absen!$A$1:$C$501,2,FALSE),"No") -> No | M332: =IF(L332="no",K332,K332-10)*10% -> 6 | N332: =SUM(E332*12.5%,F332*12.5%,H332*12.5%,I332*12.5%,G332*20%,J332*20%,M332) -> 63.225 | O332: =VLOOKUP(N332,Helper!$B$30:$C$35,2,TRUE) -> C | P332: =INDEX(Detail!$A$1:$A$1001,MATCH(B332,Detail!$G$1:$G$1001,0)) -> 37705 | Q332: =INDEX(Detail!$F$1:$F$1001,MATCH(Main!B332,Detail!$G$1:$G$1001,0)) -> Ternate | R332: =INDEX(Detail!$C$1:$C$1001,MATCH(B332,Detail!$G$1:$G$1001,0),1) -> 157 | S332: =INDEX(Detail!$D$1:$D$1001,MATCH(B332,Detail!$G$1:$G$1001,0),1) -> 91 | T332: =INDEX(Detail!$E$1:$E$1001,MATCH(Main!B332,Detail!$G$1:$G$1001,0)) -> Jalan Medokan Ayu No. 3 | U332: =INDEX(Detail!$B$1:$B$1001,MATCH(B332,Detail!$G$1:$G$1001,0),1) -> O+
... A492: 997 | B492: =CONCATENATE("C",TEXT(A492,"0000")) -> C0997 | C492: Kimia | D492: =VLOOKUP(B492,Detail!$G$1:$H$1001,2,FALSE) -> Gawati Melani | E492: 80 | F492: 64 | G492: 57 | H492: 54 | I492: 68 | J492: 73 | K492: 85 | L492: =IFERROR(VLOOKUP(B492,Absen!$A$1:$C$501,2,FALSE),"No") -> 44829 | M492: =IF(L492="no",K492,K492-10)*10% -> 7.5 | N492: =SUM(E492*12.5%,F492*12.5%,H492*12.5%,I492*12.5%,G492*20%,J492*20%,M492) -> 66.75 | O492: =VLOOKUP(N492,Helper!$B$30:$C$35,2,TRUE) -> C | P492: =INDEX(Detail!$A$1:$A$1001,MATCH(B492,Detail!$G$1:$G$1001,0)) -> 37740 | Q492: =INDEX(Detail!$F$1:$F$1001,MATCH(Main!B492,Detail!$G$1:$G$1001,0)) -> Kota Administrasi Jakarta Selatan | R492: =INDEX(Detail!$C$1:$C$1001,MATCH(B492,Detail!$G$1:$G$1001,0),1) -> 152 | S492: =INDEX(Detail!$D$1:$D$1001,MATCH(B492,Detail!$G$1:$G$1001,0),1) -> 54 | T492: =INDEX(Detail!$E$1:$E$1001,MATCH(Main!B492,Detail!$G$1:$G$1001,0)) -> Gang R.E Martadinata No. 17 | U492: =INDEX(Detail!$B$1:$B$1001,MATCH(B492,Detail!$G$1:$G$1001,0),1) -> AB-
A493: 1 | B493: =CONCATENATE("D",TEXT(A493,"0000")) -> D0001 | C493: Biologi | D493: =VLOOKUP(B493,Detail!$G$1:$H$1001,2,FALSE) -> Legawa Riyanti | E493: 79 | F493: 49 | G493: 66 | H493: 52 | I493: 52 | J493: 98 | K493: 85 | L493: =IFERROR(VLOOKUP(B493,Absen!$A$1:$C$501,2,FALSE),"No") -> 44855 | M493: =IF(L493="no",K493,K493-10)*10% -> 7.5 | N493: =SUM(E493*12.5%,F493*12.5%,H493*12.5%,I493*12.5%,G493*20%,J493*20%,M493) -> 69.3 | O493: =VLOOKUP(N493,Helper!$B$30:$C$35,2,TRUE) -> C | P493: =INDEX(Detail!$A$1:$A$1001,MATCH(B493,Detail!$G$1:$G$1001,0)) -> 37335 | Q493: =INDEX(Detail!$F$1:$F$1001,MATCH(Main!B493,Detail!$G$1:$G$1001,0)) -> Probolinggo | R493: =INDEX(Detail!$C$1:$C$1001,MATCH(B493,Detail!$G$1:$G$1001,0),1) -> 166 | S493: =INDEX(Detail!$D$1:$D$1001,MATCH(B493,Detail!$G$1:$G$1001,0),1) -> 95 | T493: =INDEX(Detail!$E$1:$E$1001,MATCH(Main!B493,Detail!$G$1:$G$1001,0)) -> Jl. M.T Haryono No. 5 | U493: =INDEX(Detail!$B$1:$B$1001,MATCH(B493,Detail!$G$1:$G$1001,0),1) -> A+
A494: 2 | B494: =CONCATENATE("D",TEXT(A494,"0000")) -> D0002 | C494: Biologi | D494: =VLOOKUP(B494,Detail!$G$1:$H$1001,2,FALSE) -> Kunthara Halimah | E494: 65 | F494: 47 | G494: 72 | H494: 71 | I494: 70 | J494: 73 | K494: 82 | L494: =IFERROR(VLOOKUP(B494,Absen!$A$1:$C$501,2,FALSE),"No") -> 44816 | M494: =IF(L494="no",K494,K494-10)*10% -> 7.2 | N494: =SUM(E494*12.5%,F494*12.5%,H494*12.5%,I494*12.5%,G494*20%,J494*20%,M494) -> 67.825 | O494: =VLOOKUP(N494,Helper!$B$30:$C$35,2,TRUE) -> C | P494: =INDEX(Detail!$A$1:$A$1001,MATCH(B494,Detail!$G$1:$G$1001,0)) -> 38428 | Q494: =INDEX(Detail!$F$1:$F$1001,MATCH(Main!B494,Detail!$G$1:$G$1001,0)) -> Tangerang Selatan | R494: =INDEX(Detail!$C$1:$C$1001,MATCH(B494,Detail!$G$1:$G$1001,0),1) -> 175 | S494: =INDEX(Detail!$D$1:$D$1001,MATCH(B494,Detail!$G$1:$G$1001,0),1) -> 55 | T494: =INDEX(Detail!$E$1:$E$1001,MATCH(Main!B494,Detail!$G$1:$G$1001,0)) -> Gang Setiabudhi No. 17 | U494: =INDEX(Detail!$B$1:$B$1001,MATCH(B494,Detail!$G$1:$G$1001,0),1) -> AB-
A495: 3 | B495: =CONCATENATE("D",TEXT(A495,"0000")) -> D0003 | C495: Biologi | D495: =VLOOKUP(B495,Detail!$G$1:$H$1001,2,FALSE) -> Cakrawangsa Adriansyah | E495: 89 | F495: 48 | G495: 36 | H495: 73 | I495: 82 | J495: 67 | K495: 79 | L495: =IFERROR(VLOOKUP(B495,Absen!$A$1:$C$501,2,FALSE),"No") -> 44762 | M495: =IF(L495="no",K495,K495-10)*10% -> 6.9 | N495: =SUM(E495*12.5%,F495*12.5%,H495*12.5%,I495*12.5%,G495*20%,J495*20%,M495) -> 64 | O495: =VLOOKUP(N495,Helper!$B$30:$C$35,2,TRUE) -> C | P495: =INDEX(Detail!$A$1:$A$1001,MATCH(B495,Detail!$G$1:$G$1001,0)) -> 37865 | Q495: =INDEX(Detail!$F$1:$F$1001,MATCH(Main!B495,Detail!$G$1:$G$1001,0)) -> Malang | R495: =INDEX(Detail!$C$1:$C$1001,MATCH(B495,Detail!$G$1:$G$1001,0),1) -> 167 | S495: =INDEX(Detail!$D$1:$D$1001,MATCH(B495,Detail!$G$1:$G$1001,0),1) -> 56 | T495: =INDEX(Detail!$E$1:$E$1001,MATCH(Main!B495,Detail!$G$1:$G$1001,0)) -> Jl. Jayawijaya No. 7 | U495: =INDEX(Detail!$B$1:$B$1001,MATCH(B495,Detail!$G$1:$G$1001,0),1) -> O+
A496: 4 | B496: =CONCATENATE("D",TEXT(A496,"0000")) -> D0004 | C496: Biologi | D496: =VLOOKUP(B496,Detail!$G$1:$H$1001,2,FALSE) -> Daliono Sudiati | E496: 78 | F496: 44 | G496: 36 | H496: 74 | I496: 59 | J496: 90 | K496: 100 | L496: =IFERROR(VLOOKUP(B496,Absen!$A$1:$C$501,2,FALSE),"No") -> No | M496: =IF(L496="no",K496,K496-10)*10% -> 10 | N496: =SUM(E496*12.5%,F496*12.5%,H496*12.5%,I496*12.5%,G496*20%,J496*20%,M496) -> 67.075 | O496: =VLOOKUP(N496,Helper!$B$30:$C$35,2,TRUE) -> C | P496: =INDEX(Detail!$A$1:$A$1001,MATCH(B496,Detail!$G$1:$G$1001,0)) -> 37613 | Q496: =INDEX(Detail!$F$1:$F$1001,MATCH(Main!B496,Detail!$G$1:$G$1001,0)) -> Padangpanjang | R496: =INDEX(Detail!$C$1:$C$1001,MATCH(B496,Detail!$G$1:$G$1001,0),1) -> 176 | S496: =INDEX(Detail!$D$1:$D$1001,MATCH(B496,Detail!$G$1:$G$1001,0),1) -> 63 | T496: =INDEX(Detail!$E$1:$E$1001,MATCH(Main!B496,Detail!$G$1:$G$1001,0)) -> Gang Ahmad Dahlan No. 7 | U496: =INDEX(Detail!$B$1:$B$1001,MATCH(B496,Detail!$G$1:$G$1001,0),1) -> B+
A497: 5 | B497: =CONCATENATE("D",TEXT(A497,"0000")) -> D0005 | C497: Biologi | D497: =VLOOKUP(B497,Detail!$G$1:$H$1001,2,FALSE) -> Ilsa Hakim | E497: 73 | F497: 48 | G497: 35 | H497: 62 | I497: 72 | J497: 51 | K497: 70 | L497: =IFERROR(VLOOKUP(B497,Absen!$A$1:$C$501,2,FALSE),"No") -> 44771 | M497: =IF(L497="no",K497,K497-10)*10% -> 6 | N497: =SUM(E497*12.5%,F497*12.5%,H497*12.5%,I497*12.5%,G497*20%,J497*20%,M497) -> 55.075 | O497: =VLOOKUP(N497,Helper!$B$30:$C$35,2,TRUE) -> D | P497: =INDEX(Detail!$A$1:$A$1001,MATCH(B497,Detail!$G$1:$G$1001,0)) -> 37464 | Q497: =INDEX(Detail!$F$1:$F$1001,MATCH(Main!B497,Detail!$G$1:$G$1001,0)) -> Langsa | R497: =INDEX(Detail!$C$1:$C$1001,MATCH(B497,Detail!$G$1:$G$1001,0),1) -> 165 | S497: =INDEX(Detail!$D$1:$D$1001,MATCH(B497,Detail!$G$1:$G$1001,0),1) -> 49 | T497: =INDEX(Detail!$E$1:$E$1001,MATCH(Main!B497,Detail!$G$1:$G$1001,0)) -> Gg. Pasteur No. 47 | U497: =INDEX(Detail!$B$1:$B$1001,MATCH(B497,Detail!$G$1:$G$1001,0),1) -> A+
A498: 6 | B498: =CONCATENATE("D",TEXT(A498,"0000")) -> D0006 | C498: Biologi | D498: =VLOOKUP(B498,Detail!$G$1:$H$1001,2,FALSE) -> Artawan Lazuardi | E498: 77 | F498: 53 | G498: 94 | H498: 65 | I498: 70 | J498: 57 | K498: 71 | L498: =IFERROR(VLOOKUP(B498,Absen!$A$1:$C$501,2,FALSE),"No") -> No | M498: =IF(L498="no",K498,K498-10)*10% -> 7.1 | N498: =SUM(E498*12.5%,F498*12.5%,H498*12.5%,I498*12.5%,G498*20%,J498*20%,M498) -> 70.425 | O498: =VLOOKUP(N498,Helper!$B$30:$C$35,2,TRUE) -> B | P498: =INDEX(Detail!$A$1:$A$1001,MATCH(B498,Detail!$G$1:$G$1001,0)) -> 38070 | Q498: =INDEX(Detail!$F$1:$F$1001,MATCH(Main!B498,Detail!$G$1:$G$1001,0)) -> Kota Administrasi Jakarta Timur | R498: =INDEX(Detail!$C$1:$C$1001,MATCH(B498,Detail!$G$1:$G$1001,0),1) -> 178 | S498: =INDEX(Detail!$D$1:$D$1001,MATCH(B498,Detail!$G$1:$G$1001,0),1) -> 49 | T498: =INDEX(Detail!$E$1:$E$1001,MATCH(Main!B498,Detail!$G$1:$G$1001,0)) -> Jalan Wonoayu No. 5 | U498: =INDEX(Detail!$B$1:$B$1001,MATCH(B498,Detail!$G$1:$G$1001,0),1) -> B-
A499: 7 | B499: =CONCATENATE("D",TEXT(A499,"0000")) -> D0007 | C499: Biologi | D499: =VLOOKUP(B499,Detail!$G$1:$H$1001,2,FALSE) -> Jatmiko Nasyidah | E499: 58 | F499: 61 | G499: 95 | H499: 54 | I499: 77 | J499: 65 | K499: 87 | L499: =IFERROR(VLOOKUP(B499,Absen!$A$1:$C$501,2,FALSE),"No") -> No | M499: =IF(L499="no",K499,K499-10)*10% -> 8.7 | N499: =SUM(E499*12.5%,F499*12.5%,H499*12.5%,I499*12.5%,G499*20%,J499*20%,M499) -> 71.95 | O499: =VLOOKUP(N499,Helper!$B$30:$C$35,2,TRUE) -> B | P499: =INDEX(Detail!$A$1:$A$1001,MATCH(B499,Detail!$G$1:$G$1001,0)) -> 37117 | Q499: =INDEX(Detail!$F$1:$F$1001,MATCH(Main!B499,Detail!$G$1:$G$1001,0)) -> Sibolga | R499: =INDEX(Detail!$C$1:$C$1001,MATCH(B499,Detail!$G$1:$G$1001,0),1) -> 170 | S499: =INDEX(Detail!$D$1:$D$1001,MATCH(B499,Detail!$G$1:$G$1001,0),1) -> 48 | T499: =INDEX(Detail!$E$1:$E$1001,MATCH(Main!B499,Detail!$G$1:$G$1001,0)) -> Jl. Cikutra Timur No. 25 | U499: =INDEX(Detail!$B$1:$B$1001,MATCH(B499,Detail!$G$1:$G$1001,0),1) -> O-
A500: 24 | B500: =CONCATENATE("D",TEXT(A500,"0000")) -> D0024 | C500: Biologi | D500: =VLOOKUP(B500,Detail!$G$1:$H$1001,2,FALSE) -> Kajen Pudjiastuti | E500: 56 | F500: 57 | G500: 59 | H500: 56 | I500: 83 | J500: 48 | K500: 68 | L500: =IFERROR(VLOOKUP(B500,Absen!$A$1:$C$501,2,FALSE),"No") -> No | M500: =IF(L500="no",K500,K500-10)*10% -> 6.8 | N500: =SUM(E500*12.5%,F500*12.5%,H500*12.5%,I500*12.5%,G500*20%,J500*20%,M500) -> 59.7 | O500: =VLOOKUP(N500,Helper!$B$30:$C$35,2,TRUE) -> D | P500: =INDEX(Detail!$A$1:$A$1001,MATCH(B500,Detail!$G$1:$G$1001,0)) -> 37270 | Q500: =INDEX(Detail!$F$1:$F$1001,MATCH(Main!B500,Detail!$G$1:$G$1001,0)) -> Kendari | R500: =INDEX(Detail!$C$1:$C$1001,MATCH(B500,Detail!$G$1:$G$1001,0),1) -> 158 | S500: =INDEX(Detail!$D$1:$D$1001,MATCH(B500,Detail!$G$1:$G$1001,0),1) -> 56 | T500: =INDEX(Detail!$E$1:$E$1001,MATCH(Main!B500,Detail!$G$1:$G$1001,0)) -> Gg. Erlangga No. 6 | U500: =INDEX(Detail!$B$1:$B$1001,MATCH(B500,Detail!$G$1:$G$1001,0),1) -> AB+
A501: 27 | B501: =CONCATENATE("D",TEXT(A501,"0000")) -> D0027 | C501: Biologi | D501: =VLOOKUP(B501,Detail!$G$1:$H$1001,2,FALSE) -> Danang Pratiwi | E501: 77 | F501: 54 | G501: 72 | H501: 52 | I501: 82 | J501: 73 | K501: 89 | L501: =IFERROR(VLOOKUP(B501,Absen!$A$1:$C$501,2,FALSE),"No") -> 44824 | M501: =IF(L501="no",K501,K501-10)*10% -> 7.9 | N501: =SUM(E501*12.5%,F501*12.5%,H501*12.5%,I501*12.5%,G501*20%,J501*20%,M501) -> 70.025 | O501: =VLOOKUP(N501,Helper!$B$30:$C$35,2,TRUE) -> B | P501: =INDEX(Detail!$A$1:$A$1001,MATCH(B501,Detail!$G$1:$G$1001,0)) -> 37067 | Q501: =INDEX(Detail!$F$1:$F$1001,MATCH(Main!B501,Detail!$G$1:$G$1001,0)) -> Tarakan | R501: =INDEX(Detail!$C$1:$C$1001,MATCH(B501,Detail!$G$1:$G$1001,0),1) -> 153 | S501: =INDEX(Detail!$D$1:$D$1001,MATCH(B501,Detail!$G$1:$G$1001,0),1) -> 84 | T501: =INDEX(Detail!$E$1:$E$1001,MATCH(Main!B501,Detail!$G$1:$G$1001,0)) -> Gang Pelajar Pejuang No. 49 | U501: =INDEX(Detail!$B$1:$B$1001,MATCH(B501,Detail!$G$1:$G$1001,0),1) -> AB-
A502: 39 | B502: =CONCATENATE("D",TEXT(A502,"0000")) -> D0039 | C502: Biologi | D502: =VLOOKUP(B502,Detail!$G$1:$H$1001,2,FALSE) -> Dinda Pranowo | E502: 72 | F502: 48 | G502: 71 | H502: 71 | I502: 81 | J502: 44 | K502: 68 | L502: =IFERROR(VLOOKUP(B502,Absen!$A$1:$C$501,2,FALSE),"No") -> 44764 | M502: =IF(L502="no",K502,K502-10)*10% -> 5.8 | N502: =SUM(E502*12.5%,F502*12.5%,H502*12.5%,I502*12.5%,G502*20%,J502*20%,M502) -> 62.8 | O502: =VLOOKUP(N502,Helper!$B$30:$C$35,2,TRUE) -> C | P502: =INDEX(Detail!$A$1:$A$1001,MATCH(B502,Detail!$G$1:$G$1001,0)) -> 38232 | Q502: =INDEX(Detail!$F$1:$F$1001,MATCH(Main!B502,Detail!$G$1:$G$1001,0)) -> Tangerang | R502: =INDEX(Detail!$C$1:$C$1001,MATCH(B502,Detail!$G$1:$G$1001,0),1) -> 171 | S502: =INDEX(Detail!$D$1:$D$1001,MATCH(B502,Detail!$G$1:$G$1001,0),1) -> 68 | T502: =INDEX(Detail!$E$1:$E$1001,MATCH(Main!B502,Detail!$G$1:$G$1001,0)) -> Gg. Dipatiukur No. 10 | U502: =INDEX(Detail!$B$1:$B$1001,MATCH(B502,Detail!$G$1:$G$1001,0),1) -> B+
A503: 44 | B503: =CONCATENATE("D",TEXT(A503,"0000")) -> D0044 | C503: Biologi | D503: =VLOOKUP(B503,Detail!$G$1:$H$1001,2,FALSE) -> Restu Wibisono | E503: 90 | F503: 43 | G503: 52 | H503: 71 | I503: 63 | J503: 83 | K503: 100 | L503: =IFERROR(VLOOKUP(B503,Absen!$A$1:$C$501,2,FALSE),"No") -> 44888 | M503: =IF(L503="no",K503,K503-10)*10% -> 9 | N503: =SUM(E503*12.5%,F503*12.5%,H503*12.5%,I503*12.5%,G503*20%,J503*20%,M503) -> 69.375 | O503: =VLOOKUP(N503,Helper!$B$30:$C$35,2,TRUE) -> C | P503: =INDEX(Detail!$A$1:$A$1001,MATCH(B503,Detail!$G$1:$G$1001,0)) -> 37202 | Q503: =INDEX(Detail!$F$1:$F$1001,MATCH(Main!B503,Detail!$G$1:$G$1001,0)) -> Bengkulu | R503: =INDEX(Detail!$C$1:$C$1001,MATCH(B503,Detail!$G$1:$G$1001,0),1) -> 163 | S503: =INDEX(Detail!$D$1:$D$1001,MATCH(B503,Detail!$G$1:$G$1001,0),1) -> 51 | T503: =INDEX(Detail!$E$1:$E$1001,MATCH(Main!B503,Detail!$G$1:$G$1001,0)) -> Gang BKR No. 08 | U503: =INDEX(Detail!$B$1:$B$1001,MATCH(B503,Detail!$G$1:$G$1001,0),1) -> A+
A504: 52 | B504: =CONCATENATE("D",TEXT(A504,"0000")) -> D0052 | C504: Biologi | D504: =VLOOKUP(B504,Detail!$G$1:$H$1001,2,FALSE) -> Muhammad Suryatmi | E504: 63 | F504: 73 | G504: 37 | H504: 69 | I504: 82 | J504: 70 | K504: 94 | L504: =IFERROR(VLOOKUP(B504,Absen!$A$1:$C$501,2,FALSE),"No") -> No | M504: =IF(L504="no",K504,K504-10)*10% -> 9.4 | N504: =SUM(E504*12.5%,F504*12.5%,H504*12.5%,I504*12.5%,G504*20%,J504*20%,M504) -> 66.675 | O504: =VLOOKUP(N504,Helper!$B$30:$C$35,2,TRUE) -> C | P504: =INDEX(Detail!$A$1:$A$1001,MATCH(B504,Detail!$G$1:$G$1001,0)) -> 38077 | Q504: =INDEX(Detail!$F$1:$F$1001,MATCH(Main!B504,Detail!$G$1:$G$1001,0)) -> Pontianak | R504: =INDEX(Detail!$C$1:$C$1001,MATCH(B504,Detail!$G$1:$G$1001,0),1) -> 164 | S504: =INDEX(Detail!$D$1:$D$1001,MATCH(B504,Detail!$G$1:$G$1001,0),1) -> 78 | T504: =INDEX(Detail!$E$1:$E$1001,MATCH(Main!B504,Detail!$G$1:$G$1001,0)) -> Gg. Kendalsari No. 59 | U504: =INDEX(Detail!$B$1:$B$1001,MATCH(B504,Detail!$G$1:$G$1001,0),1) -> O-
... A678: 995 | B678: =CONCATENATE("D",TEXT(A678,"0000")) -> D0995 | C678: Biologi | D678: =VLOOKUP(B678,Detail!$G$1:$H$1001,2,FALSE) -> Malik Tampubolon | E678: 59 | F678: 43 | G678: 43 | H678: 61 | I678: 75 | J678: 53 | K678: 89 | L678: =IFERROR(VLOOKUP(B678,Absen!$A$1:$C$501,2,FALSE),"No") -> 44798 | M678: =IF(L678="no",K678,K678-10)*10% -> 7.9 | N678: =SUM(E678*12.5%,F678*12.5%,H678*12.5%,I678*12.5%,G678*20%,J678*20%,M678) -> 56.85 | O678: =VLOOKUP(N678,Helper!$B$30:$C$35,2,TRUE) -> D | P678: =INDEX(Detail!$A$1:$A$1001,MATCH(B678,Detail!$G$1:$G$1001,0)) -> 38376 | Q678: =INDEX(Detail!$F$1:$F$1001,MATCH(Main!B678,Detail!$G$1:$G$1001,0)) -> Tual | R678: =INDEX(Detail!$C$1:$C$1001,MATCH(B678,Detail!$G$1:$G$1001,0),1) -> 160 | S678: =INDEX(Detail!$D$1:$D$1001,MATCH(B678,Detail!$G$1:$G$1001,0),1) -> 65 | T678: =INDEX(Detail!$E$1:$E$1001,MATCH(Main!B678,Detail!$G$1:$G$1001,0)) -> Gg. PHH. Mustofa No. 2 | U678: =INDEX(Detail!$B$1:$B$1001,MATCH(B678,Detail!$G$1:$G$1001,0),1) -> B-
A679: 10 | B679: =CONCATENATE("E",TEXT(A679,"0000")) -> E0010 | C679: Statistika | D679: =VLOOKUP(B679,Detail!$G$1:$H$1001,2,FALSE) -> Wardi Hasanah | E679: 59 | F679: 63 | G679: 91 | H679: 67 | I679: 67 | J679: 89 | K679: 96 | L679: =IFERROR(VLOOKUP(B679,Absen!$A$1:$C$501,2,FALSE),"No") -> No | M679: =IF(L679="no",K679,K679-10)*10% -> 9.6 | N679: =SUM(E679*12.5%,F679*12.5%,H679*12.5%,I679*12.5%,G679*20%,J679*20%,M679) -> 77.6 | O679: =VLOOKUP(N679,Helper!$B$30:$C$35,2,TRUE) -> B | P679: =INDEX(Detail!$A$1:$A$1001,MATCH(B679,Detail!$G$1:$G$1001,0)) -> 37028 | Q679: =INDEX(Detail!$F$1:$F$1001,MATCH(Main!B679,Detail!$G$1:$G$1001,0)) -> Pangkalpinang | R679: =INDEX(Detail!$C$1:$C$1001,MATCH(B679,Detail!$G$1:$G$1001,0),1) -> 178 | S679: =INDEX(Detail!$D$1:$D$1001,MATCH(B679,Detail!$G$1:$G$1001,0),1) -> 70 | T679: =INDEX(Detail!$E$1:$E$1001,MATCH(Main!B679,Detail!$G$1:$G$1001,0)) -> Gg. KH Amin Jasuta No. 20 | U679: =INDEX(Detail!$B$1:$B$1001,MATCH(B679,Detail!$G$1:$G$1001,0),1) -> O-
A680: 13 | B680: =CONCATENATE("E",TEXT(A680,"0000")) -> E0013 | C680: Statistika | D680: =VLOOKUP(B680,Detail!$G$1:$H$1001,2,FALSE) -> Zulaikha Hasanah | E680: 87 | F680: 62 | G680: 79 | H680: 53 | I680: 76 | J680: 99 | K680: 67 | L680: =IFERROR(VLOOKUP(B680,Absen!$A$1:$C$501,2,FALSE),"No") -> No | M680: =IF(L680="no",K680,K680-10)*10% -> 6.7 | N680: =SUM(E680*12.5%,F680*12.5%,H680*12.5%,I680*12.5%,G680*20%,J680*20%,M680) -> 77.05 | O680: =VLOOKUP(N680,Helper!$B$30:$C$35,2,TRUE) -> B | P680: =INDEX(Detail!$A$1:$A$1001,MATCH(B680,Detail!$G$1:$G$1001,0)) -> 37641 | Q680: =INDEX(Detail!$F$1:$F$1001,MATCH(Main!B680,Detail!$G$1:$G$1001,0)) -> Cilegon | R680: =INDEX(Detail!$C$1:$C$1001,MATCH(B680,Detail!$G$1:$G$1001,0),1) -> 179 | S680: =INDEX(Detail!$D$1:$D$1001,MATCH(B680,Detail!$G$1:$G$1001,0),1) -> 76 | T680: =INDEX(Detail!$E$1:$E$1001,MATCH(Main!B680,Detail!$G$1:$G$1001,0)) -> Jalan S. Parman No. 85 | U680: =INDEX(Detail!$B$1:$B$1001,MATCH(B680,Detail!$G$1:$G$1001,0),1) -> O+
A681: 14 | B681: =CONCATENATE("E",TEXT(A681,"0000")) -> E0014 | C681: Statistika | D681: =VLOOKUP(B681,Detail!$G$1:$H$1001,2,FALSE) -> Mahdi Prasetyo | E681: 86 | F681: 69 | G681: 85 | H681: 62 | I681: 73 | J681: 92 | K681: 66 | L681: =IFERROR(VLOOKUP(B681,Absen!$A$1:$C$501,2,FALSE),"No") -> 44879 | M681: =IF(L681="no",K681,K681-10)*10% -> 5.6 | N681: =SUM(E681*12.5%,F681*12.5%,H681*12.5%,I681*12.5%,G681*20%,J681*20%,M681) -> 77.25 | O681: =VLOOKUP(N681,Helper!$B$30:$C$35,2,TRUE) -> B | P681: =INDEX(Detail!$A$1:$A$1001,MATCH(B681,Detail!$G$1:$G$1001,0)) -> 37139 | Q681: =INDEX(Detail!$F$1:$F$1001,MATCH(Main!B681,Detail!$G$1:$G$1001,0)) -> Kotamobagu | R681: =INDEX(Detail!$C$1:$C$1001,MATCH(B681,Detail!$G$1:$G$1001,0),1) -> 166 | S681: =INDEX(Detail!$D$1:$D$1001,MATCH(B681,Detail!$G$1:$G$1001,0),1) -> 60 | T681: =INDEX(Detail!$E$1:$E$1001,MATCH(Main!B681,Detail!$G$1:$G$1001,0)) -> Jl. Jamika No. 98 | U681: =INDEX(Detail!$B$1:$B$1001,MATCH(B681,Detail!$G$1:$G$1001,0),1) -> B+
A682: 18 | B682: =CONCATENATE("E",TEXT(A682,"0000")) -> E0018 | C682: Statistika | D682: =VLOOKUP(B682,Detail!$G$1:$H$1001,2,FALSE) -> Artanto Sitorus | E682: 53 | F682: 41 | G682: 64 | H682: 57 | I682: 80 | J682: 74 | K682: 95 | L682: =IFERROR(VLOOKUP(B682,Absen!$A$1:$C$501,2,FALSE),"No") -> No | M682: =IF(L682="no",K682,K682-10)*10% -> 9.5 | N682: =SUM(E682*12.5%,F682*12.5%,H682*12.5%,I682*12.5%,G682*20%,J682*20%,M682) -> 65.975 | O682: =VLOOKUP(N682,Helper!$B$30:$C$35,2,TRUE) -> C | P682: =INDEX(Detail!$A$1:$A$1001,MATCH(B682,Detail!$G$1:$G$1001,0)) -> 38096 | Q682: =INDEX(Detail!$F$1:$F$1001,MATCH(Main!B682,Detail!$G$1:$G$1001,0)) -> Kota Administrasi Jakarta Timur | R682: =INDEX(Detail!$C$1:$C$1001,MATCH(B682,Detail!$G$1:$G$1001,0),1) -> 150 | S682: =INDEX(Detail!$D$1:$D$1001,MATCH(B682,Detail!$G$1:$G$1001,0),1) -> 83 | T682: =INDEX(Detail!$E$1:$E$1001,MATCH(Main!B682,Detail!$G$1:$G$1001,0)) -> Jl. M.T Haryono No. 56 | U682: =INDEX(Detail!$B$1:$B$1001,MATCH(B682,Detail!$G$1:$G$1001,0),1) -> O+
A683: 21 | B683: =CONCATENATE("E",TEXT(A683,"0000")) -> E0021 | C683: Statistika | D683: =VLOOKUP(B683,Detail!$G$1:$H$1001,2,FALSE) -> Asmuni Nainggolan | E683: 75 | F683: 42 | G683: 35 | H683: 65 | I683: 86 | J683: 94 | K683: 96 | L683: =IFERROR(VLOOKUP(B683,Absen!$A$1:$C$501,2,FALSE),"No") -> 44863 | M683: =IF(L683="no",K683,K683-10)*10% -> 8.6 | N683: =SUM(E683*12.5%,F683*12.5%,H683*12.5%,I683*12.5%,G683*20%,J683*20%,M683) -> 67.9 | O683: =VLOOKUP(N683,Helper!$B$30:$C$35,2,TRUE) -> C | P683: =INDEX(Detail!$A$1:$A$1001,MATCH(B683,Detail!$G$1:$G$1001,0)) -> 37098 | Q683: =INDEX(Detail!$F$1:$F$1001,MATCH(Main!B683,Detail!$G$1:$G$1001,0)) -> Cirebon | R683: =INDEX(Detail!$C$1:$C$1001,MATCH(B683,Detail!$G$1:$G$1001,0),1) -> 172 | S683: =INDEX(Detail!$D$1:$D$1001,MATCH(B683,Detail!$G$1:$G$1001,0),1) -> 49 | T683: =INDEX(Detail!$E$1:$E$1001,MATCH(Main!B683,Detail!$G$1:$G$1001,0)) -> Jl. Asia Afrika No. 4 | U683: =INDEX(Detail!$B$1:$B$1001,MATCH(B683,Detail!$G$1:$G$1001,0),1) -> O-
A684: 28 | B684: =CONCATENATE("E",TEXT(A684,"0000")) -> E0028 | C684: Statistika | D684: =VLOOKUP(B684,Detail!$G$1:$H$1001,2,FALSE) -> Putu Manullang | E684: 68 | F684: 66 | G684: 34 | H684: 66 | I684: 73 | J684: 92 | K684: 86 | L684: =IFERROR(VLOOKUP(B684,Absen!$A$1:$C$501,2,FALSE),"No") -> No | M684: =IF(L684="no",K684,K684-10)*10% -> 8.6 | N684: =SUM(E684*12.5%,F684*12.5%,H684*12.5%,I684*12.5%,G684*20%,J684*20%,M684) -> 67.925 | O684: =VLOOKUP(N684,Helper!$B$30:$C$35,2,TRUE) -> C | P684: =INDEX(Detail!$A$1:$A$1001,MATCH(B684,Detail!$G$1:$G$1001,0)) -> 37047 | Q684: =INDEX(Detail!$F$1:$F$1001,MATCH(Main!B684,Detail!$G$1:$G$1001,0)) -> Kota Administrasi Jakarta Timur | R684: =INDEX(Detail!$C$1:$C$1001,MATCH(B684,Detail!$G$1:$G$1001,0),1) -> 172 | S684: =INDEX(Detail!$D$1:$D$1001,MATCH(B684,Detail!$G$1:$G$1001,0),1) -> 85 | T684: =INDEX(Detail!$E$1:$E$1001,MATCH(Main!B684,Detail!$G$1:$G$1001,0)) -> Jalan Abdul Muis No. 57 | U684: =INDEX(Detail!$B$1:$B$1001,MATCH(B684,Detail!$G$1:$G$1001,0),1) -> O-
A685: 32 | B685: =CONCATENATE("E",TEXT(A685,"0000")) -> E0032 | C685: Statistika | D685: =VLOOKUP(B685,Detail!$G$1:$H$1001,2,FALSE) -> Bakianto Tarihoran | E685: 95 | F685: 48 | G685: 88 | H685: 61 | I685: 91 | J685: 88 | K685: 82 | L685: =IFERROR(VLOOKUP(B685,Absen!$A$1:$C$501,2,FALSE),"No") -> 44895 | M685: =IF(L685="no",K685,K685-10)*10% -> 7.2 | N685: =SUM(E685*12.5%,F685*12.5%,H685*12.5%,I685*12.5%,G685*20%,J685*20%,M685) -> 79.275 | O685: =VLOOKUP(N685,Helper!$B$30:$C$35,2,TRUE) -> B | P685: =INDEX(Detail!$A$1:$A$1001,MATCH(B685,Detail!$G$1:$G$1001,0)) -> 37962 | Q685: =INDEX(Detail!$F$1:$F$1001,MATCH(Main!B685,Detail!$G$1:$G$1001,0)) -> Palangkaraya | R685: =INDEX(Detail!$C$1:$C$1001,MATCH(B685,Detail!$G$1:$G$1001,0),1) -> 151 | S685: =INDEX(Detail!$D$1:$D$1001,MATCH(B685,Detail!$G$1:$G$1001,0),1) -> 50 | T685: =INDEX(Detail!$E$1:$E$1001,MATCH(Main!B685,Detail!$G$1:$G$1001,0)) -> Jl. Sadang Serang No. 60 | U685: =INDEX(Detail!$B$1:$B$1001,MATCH(B685,Detail!$G$1:$G$1001,0),1) -> B+
A686: 43 | B686: =CONCATENATE("E",TEXT(A686,"0000")) -> E0043 | C686: Statistika | D686: =VLOOKUP(B686,Detail!$G$1:$H$1001,2,FALSE) -> Capa Usada | E686: 50 | F686: 41 | G686: 81 | H686: 57 | I686: 75 | J686: 43 | K686: 98 | L686: =IFERROR(VLOOKUP(B686,Absen!$A$1:$C$501,2,FALSE),"No") -> No | M686: =IF(L686="no",K686,K686-10)*10% -> 9.8 | N686: =SUM(E686*12.5%,F686*12.5%,H686*12.5%,I686*12.5%,G686*20%,J686*20%,M686) -> 62.475 | O686: =VLOOKUP(N686,Helper!$B$30:$C$35,2,TRUE) -> C | P686: =INDEX(Detail!$A$1:$A$1001,MATCH(B686,Detail!$G$1:$G$1001,0)) -> 37919 | Q686: =INDEX(Detail!$F$1:$F$1001,MATCH(Main!B686,Detail!$G$1:$G$1001,0)) -> Parepare | R686: =INDEX(Detail!$C$1:$C$1001,MATCH(B686,Detail!$G$1:$G$1001,0),1) -> 172 | S686: =INDEX(Detail!$D$1:$D$1001,MATCH(B686,Detail!$G$1:$G$1001,0),1) -> 56 | T686: =INDEX(Detail!$E$1:$E$1001,MATCH(Main!B686,Detail!$G$1:$G$1001,0)) -> Jalan Waringin No. 50 | U686: =INDEX(Detail!$B$1:$B$1001,MATCH(B686,Detail!$G$1:$G$1001,0),1) -> B-
A687: 45 | B687: =CONCATENATE("E",TEXT(A687,"0000")) -> E0045 | C687: Statistika | D687: =VLOOKUP(B687,Detail!$G$1:$H$1001,2,FALSE) -> Tina Rahimah | E687: 89 | F687: 42 | G687: 56 | H687: 66 | I687: 56 | J687: 91 | K687: 72 | L687: =IFERROR(VLOOKUP(B687,Absen!$A$1:$C$501,2,FALSE),"No") -> 44852 | M687: =IF(L687="no",K687,K687-10)*10% -> 6.2 | N687: =SUM(E687*12.5%,F687*12.5%,H687*12.5%,I687*12.5%,G687*20%,J687*20%,M687) -> 67.225 | O687: =VLOOKUP(N687,Helper!$B$30:$C$35,2,TRUE) -> C | P687: =INDEX(Detail!$A$1:$A$1001,MATCH(B687,Detail!$G$1:$G$1001,0)) -> 37198 | Q687: =INDEX(Detail!$F$1:$F$1001,MATCH(Main!B687,Detail!$G$1:$G$1001,0)) -> Tual | R687: =INDEX(Detail!$C$1:$C$1001,MATCH(B687,Detail!$G$1:$G$1001,0),1) -> 174 | S687: =INDEX(Detail!$D$1:$D$1001,MATCH(B687,Detail!$G$1:$G$1001,0),1) -> 78 | T687: =INDEX(Detail!$E$1:$E$1001,MATCH(Main!B687,Detail!$G$1:$G$1001,0)) -> Gg. Suryakencana No. 91 | U687: =INDEX(Detail!$B$1:$B$1001,MATCH(B687,Detail!$G$1:$G$1001,0),1) -> B-
A688: 46 | B688: =CONCATENATE("E",TEXT(A688,"0000")) -> E0046 | C688: Statistika | D688: =VLOOKUP(B688,Detail!$G$1:$H$1001,2,FALSE) -> Raihan Lailasari | E688: 66 | F688: 59 | G688: 30 | H688: 67 | I688: 57 | J688: 69 | K688: 62 | L688: =IFERROR(VLOOKUP(B688,Absen!$A$1:$C$501,2,FALSE),"No") -> No | M688: =IF(L688="no",K688,K688-10)*10% -> 6.2 | N688: =SUM(E688*12.5%,F688*12.5%,H688*12.5%,I688*12.5%,G688*20%,J688*20%,M688) -> 57.125 | O688: =VLOOKUP(N688,Helper!$B$30:$C$35,2,TRUE) -> D | P688: =INDEX(Detail!$A$1:$A$1001,MATCH(B688,Detail!$G$1:$G$1001,0)) -> 37923 | Q688: =INDEX(Detail!$F$1:$F$1001,MATCH(Main!B688,Detail!$G$1:$G$1001,0)) -> Banjarbaru | R688: =INDEX(Detail!$C$1:$C$1001,MATCH(B688,Detail!$G$1:$G$1001,0),1) -> 151 | S688: =INDEX(Detail!$D$1:$D$1001,MATCH(B688,Detail!$G$1:$G$1001,0),1) -> 94 | T688: =INDEX(Detail!$E$1:$E$1001,MATCH(Main!B688,Detail!$G$1:$G$1001,0)) -> Gg. PHH. Mustofa No. 57 | U688: =INDEX(Detail!$B$1:$B$1001,MATCH(B688,Detail!$G$1:$G$1001,0),1) -> AB+
A689: 50 | B689: =CONCATENATE("E",TEXT(A689,"0000")) -> E0050 | C689: Statistika | D689: =VLOOKUP(B689,Detail!$G$1:$H$1001,2,FALSE) -> Cinthia Zulkarnain | E689: 82 | F689: 61 | G689: 43 | H689: 70 | I689: 94 | J689: 100 | K689: 94 | L689: =IFERROR(VLOOKUP(B689,Absen!$A$1:$C$501,2,FALSE),"No") -> 44804 | M689: =IF(L689="no",K689,K689-10)*10% -> 8.4 | N689: =SUM(E689*12.5%,F689*12.5%,H689*12.5%,I689*12.5%,G689*20%,J689*20%,M689) -> 75.375 | O689: =VLOOKUP(N689,Helper!$B$30:$C$35,2,TRUE) -> B | P689: =INDEX(Detail!$A$1:$A$1001,MATCH(B689,Detail!$G$1:$G$1001,0)) -> 37523 | Q689: =INDEX(Detail!$F$1:$F$1001,MATCH(Main!B689,Detail!$G$1:$G$1001,0)) -> Tangerang | R689: =INDEX(Detail!$C$1:$C$1001,MATCH(B689,Detail!$G$1:$G$1001,0),1) -> 160 | S689: =INDEX(Detail!$D$1:$D$1001,MATCH(B689,Detail!$G$1:$G$1001,0),1) -> 67 | T689: =INDEX(Detail!$E$1:$E$1001,MATCH(Main!B689,Detail!$G$1:$G$1001,0)) -> Gg. Surapati No. 82 | U689: =INDEX(Detail!$B$1:$B$1001,MATCH(B689,Detail!$G$1:$G$1001,0),1) -> A+
A690: 58 | B690: =CONCATENATE("E",TEXT(A690,"0000")) -> E0058 | C690: Statistika | D690: =VLOOKUP(B690,Detail!$G$1:$H$1001,2,FALSE) -> Lantar Melani | E690: 79 | F690: 67 | G690: 41 | H690: 55 | I690: 54 | J690: 69 | K690: 99 | L690: =IFERROR(VLOOKUP(B690,Absen!$A$1:$C$501,2,FALSE),"No") -> No | M690: =IF(L690="no",K690,K690-10)*10% -> 9.9 | N690: =SUM(E690*12.5%,F690*12.5%,H690*12.5%,I690*12.5%,G690*20%,J690*20%,M690) -> 63.775 | O690: =VLOOKUP(N690,Helper!$B$30:$C$35,2,TRUE) -> C | P690: =INDEX(Detail!$A$1:$A$1001,MATCH(B690,Detail!$G$1:$G$1001,0)) -> 38007 | Q690: =INDEX(Detail!$F$1:$F$1001,MATCH(Main!B690,Detail!$G$1:$G$1001,0)) -> Tual | R690: =INDEX(Detail!$C$1:$C$1001,MATCH(B690,Detail!$G$1:$G$1001,0),1) -> 156 | S690: =INDEX(Detail!$D$1:$D$1001,MATCH(B690,Detail!$G$1:$G$1001,0),1) -> 94 | T690: =INDEX(Detail!$E$1:$E$1001,MATCH(Main!B690,Detail!$G$1:$G$1001,0)) -> Jl. Kebonjati No. 75 | U690: =INDEX(Detail!$B$1:$B$1001,MATCH(B690,Detail!$G$1:$G$1001,0),1) -> AB-
... A837: 998 | B837: =CONCATENATE("E",TEXT(A837,"0000")) -> E0998 | C837: Statistika | D837: =VLOOKUP(B837,Detail!$G$1:$H$1001,2,FALSE) -> Ade Astuti | E837: 50 | F837: 43 | G837: 89 | H837: 63 | I837: 84 | J837: 52 | K837: 75 | L837: =IFERROR(VLOOKUP(B837,Absen!$A$1:$C$501,2,FALSE),"No") -> No | M837: =IF(L837="no",K837,K837-10)*10% -> 7.5 | N837: =SUM(E837*12.5%,F837*12.5%,H837*12.5%,I837*12.5%,G837*20%,J837*20%,M837) -> 65.7 | O837: =VLOOKUP(N837,Helper!$B$30:$C$35,2,TRUE) -> C | P837: =INDEX(Detail!$A$1:$A$1001,MATCH(B837,Detail!$G$1:$G$1001,0)) -> 37749 | Q837: =INDEX(Detail!$F$1:$F$1001,MATCH(Main!B837,Detail!$G$1:$G$1001,0)) -> Padang | R837: =INDEX(Detail!$C$1:$C$1001,MATCH(B837,Detail!$G$1:$G$1001,0),1) -> 180 | S837: =INDEX(Detail!$D$1:$D$1001,MATCH(B837,Detail!$G$1:$G$1001,0),1) -> 55 | T837: =INDEX(Detail!$E$1:$E$1001,MATCH(Main!B837,Detail!$G$1:$G$1001,0)) -> Jalan Pasteur No. 97 | U837: =INDEX(Detail!$B$1:$B$1001,MATCH(B837,Detail!$G$1:$G$1001,0),1) -> A-
A838: 8 | B838: =CONCATENATE("F",TEXT(A838,"0000")) -> F0008 | C838: Aktuaria | D838: =VLOOKUP(B838,Detail!$G$1:$H$1001,2,FALSE) -> Dadap Winarsih | E838: 92 | F838: 75 | G838: 70 | H838: 70 | I838: 68 | J838: 65 | K838: 84 | L838: =IFERROR(VLOOKUP(B838,Absen!$A$1:$C$501,2,FALSE),"No") -> No | M838: =IF(L838="no",K838,K838-10)*10% -> 8.4 | N838: =SUM(E838*12.5%,F838*12.5%,H838*12.5%,I838*12.5%,G838*20%,J838*20%,M838) -> 73.525 | O838: =VLOOKUP(N838,Helper!$B$30:$C$35,2,TRUE) -> B | P838: =INDEX(Detail!$A$1:$A$1001,MATCH(B838,Detail!$G$1:$G$1001,0)) -> 38387 | Q838: =INDEX(Detail!$F$1:$F$1001,MATCH(Main!B838,Detail!$G$1:$G$1001,0)) -> Pematangsiantar | R838: =INDEX(Detail!$C$1:$C$1001,MATCH(B838,Detail!$G$1:$G$1001,0),1) -> 178 | S838: =INDEX(Detail!$D$1:$D$1001,MATCH(B838,Detail!$G$1:$G$1001,0),1) -> 54 | T838: =INDEX(Detail!$E$1:$E$1001,MATCH(Main!B838,Detail!$G$1:$G$1001,0)) -> Gg. Suryakencana No. 0 | U838: =INDEX(Detail!$B$1:$B$1001,MATCH(B838,Detail!$G$1:$G$1001,0),1) -> AB+
A839: 15 | B839: =CONCATENATE("F",TEXT(A839,"0000")) -> F0015 | C839: Aktuaria | D839: =VLOOKUP(B839,Detail!$G$1:$H$1001,2,FALSE) -> Adinata Permata | E839: 81 | F839: 48 | G839: 61 | H839: 53 | I839: 85 | J839: 70 | K839: 60 | L839: =IFERROR(VLOOKUP(B839,Absen!$A$1:$C$501,2,FALSE),"No") -> 44756 | M839: =IF(L839="no",K839,K839-10)*10% -> 5 | N839: =SUM(E839*12.5%,F839*12.5%,H839*12.5%,I839*12.5%,G839*20%,J839*20%,M839) -> 64.575 | O839: =VLOOKUP(N839,Helper!$B$30:$C$35,2,TRUE) -> C | P839: =INDEX(Detail!$A$1:$A$1001,MATCH(B839,Detail!$G$1:$G$1001,0)) -> 38005 | Q839: =INDEX(Detail!$F$1:$F$1001,MATCH(Main!B839,Detail!$G$1:$G$1001,0)) -> Pontianak | R839: =INDEX(Detail!$C$1:$C$1001,MATCH(B839,Detail!$G$1:$G$1001,0),1) -> 158 | S839: =INDEX(Detail!$D$1:$D$1001,MATCH(B839,Detail!$G$1:$G$1001,0),1) -> 82 | T839: =INDEX(Detail!$E$1:$E$1001,MATCH(Main!B839,Detail!$G$1:$G$1001,0)) -> Jl. Rungkut Industri No. 5 | U839: =INDEX(Detail!$B$1:$B$1001,MATCH(B839,Detail!$G$1:$G$1001,0),1) -> A-
A840: 17 | B840: =CONCATENATE("F",TEXT(A840,"0000")) -> F0017 | C840: Aktuaria | D840: =VLOOKUP(B840,Detail!$G$1:$H$1001,2,FALSE) -> Jati Suwarno | E840: 60 | F840: 46 | G840: 85 | H840: 66 | I840: 73 | J840: 47 | K840: 62 | L840: =IFERROR(VLOOKUP(B840,Absen!$A$1:$C$501,2,FALSE),"No") -> No | M840: =IF(L840="no",K840,K840-10)*10% -> 6.2 | N840: =SUM(E840*12.5%,F840*12.5%,H840*12.5%,I840*12.5%,G840*20%,J840*20%,M840) -> 63.225 | O840: =VLOOKUP(N840,Helper!$B$30:$C$35,2,TRUE) -> C | P840: =INDEX(Detail!$A$1:$A$1001,MATCH(B840,Detail!$G$1:$G$1001,0)) -> 38285 | Q840: =INDEX(Detail!$F$1:$F$1001,MATCH(Main!B840,Detail!$G$1:$G$1001,0)) -> Pekanbaru | R840: =INDEX(Detail!$C$1:$C$1001,MATCH(B840,Detail!$G$1:$G$1001,0),1) -> 165 | S840: =INDEX(Detail!$D$1:$D$1001,MATCH(B840,Detail!$G$1:$G$1001,0),1) -> 90 | T840: =INDEX(Detail!$E$1:$E$1001,MATCH(Main!B840,Detail!$G$1:$G$1001,0)) -> Gang Dipatiukur No. 63 | U840: =INDEX(Detail!$B$1:$B$1001,MATCH(B840,Detail!$G$1:$G$1001,0),1) -> A-
A841: 25 | B841: =CONCATENATE("F",TEXT(A841,"0000")) -> F0025 | C841: Aktuaria | D841: =VLOOKUP(B841,Detail!$G$1:$H$1001,2,FALSE) -> Ghaliyati Kurniawan | E841: 73 | F841: 68 | G841: 56 | H841: 53 | I841: 63 | J841: 56 | K841: 78 | L841: =IFERROR(VLOOKUP(B841,Absen!$A$1:$C$501,2,FALSE),"No") -> No | M841: =IF(L841="no",K841,K841-10)*10% -> 7.8 | N841: =SUM(E841*12.5%,F841*12.5%,H841*12.5%,I841*12.5%,G841*20%,J841*20%,M841) -> 62.325 | O841: =VLOOKUP(N841,Helper!$B$30:$C$35,2,TRUE) -> C | P841: =INDEX(Detail!$A$1:$A$1001,MATCH(B841,Detail!$G$1:$G$1001,0)) -> 37879 | Q841: =INDEX(Detail!$F$1:$F$1001,MATCH(Main!B841,Detail!$G$1:$G$1001,0)) -> Gorontalo | R841: =INDEX(Detail!$C$1:$C$1001,MATCH(B841,Detail!$G$1:$G$1001,0),1) -> 180 | S841: =INDEX(Detail!$D$1:$D$1001,MATCH(B841,Detail!$G$1:$G$1001,0),1) -> 74 | T841: =INDEX(Detail!$E$1:$E$1001,MATCH(Main!B841,Detail!$G$1:$G$1001,0)) -> Gg. Asia Afrika No. 3 | U841: =INDEX(Detail!$B$1:$B$1001,MATCH(B841,Detail!$G$1:$G$1001,0),1) -> A-
A842: 36 | B842: =CONCATENATE("F",TEXT(A842,"0000")) -> F0036 | C842: Aktuaria | D842: =VLOOKUP(B842,Detail!$G$1:$H$1001,2,FALSE) -> Purwadi Sinaga | E842: 53 | F842: 45 | G842: 87 | H842: 57 | I842: 90 | J842: 43 | K842: 75 | L842: =IFERROR(VLOOKUP(B842,Absen!$A$1:$C$501,2,FALSE),"No") -> 44784 | M842: =IF(L842="no",K842,K842-10)*10% -> 6.5 | N842: =SUM(E842*12.5%,F842*12.5%,H842*12.5%,I842*12.5%,G842*20%,J842*20%,M842) -> 63.125 | O842: =VLOOKUP(N842,Helper!$B$30:$C$35,2,TRUE) -> C | P842: =INDEX(Detail!$A$1:$A$1001,MATCH(B842,Detail!$G$1:$G$1001,0)) -> 38171 | Q842: =INDEX(Detail!$F$1:$F$1001,MATCH(Main!B842,Detail!$G$1:$G$1001,0)) -> Pagaralam | R842: =INDEX(Detail!$C$1:$C$1001,MATCH(B842,Detail!$G$1:$G$1001,0),1) -> 168 | S842: =INDEX(Detail!$D$1:$D$1001,MATCH(B842,Detail!$G$1:$G$1001,0),1) -> 86 | T842: =INDEX(Detail!$E$1:$E$1001,MATCH(Main!B842,Detail!$G$1:$G$1001,0)) -> Gg. Monginsidi No. 7 | U842: =INDEX(Detail!$B$1:$B$1001,MATCH(B842,Detail!$G$1:$G$1001,0),1) -> B-
A843: 38 | B843: =CONCATENATE("F",TEXT(A843,"0000")) -> F0038 | C843: Aktuaria | D843: =VLOOKUP(B843,Detail!$G$1:$H$1001,2,FALSE) -> Rahmi Pratiwi | E843: 95 | F843: 49 | G843: 70 | H843: 61 | I843: 53 | J843: 40 | K843: 94 | L843: =IFERROR(VLOOKUP(B843,Absen!$A$1:$C$501,2,FALSE),"No") -> 44801 | M843: =IF(L843="no",K843,K843-10)*10% -> 8.4 | N843: =SUM(E843*12.5%,F843*12.5%,H843*12.5%,I843*12.5%,G843*20%,J843*20%,M843) -> 62.65 | O843: =VLOOKUP(N843,Helper!$B$30:$C$35,2,TRUE) -> C | P843: =INDEX(Detail!$A$1:$A$1001,MATCH(B843,Detail!$G$1:$G$1001,0)) -> 38086 | Q843: =INDEX(Detail!$F$1:$F$1001,MATCH(Main!B843,Detail!$G$1:$G$1001,0)) -> Kota Administrasi Jakarta Barat | R843: =INDEX(Detail!$C$1:$C$1001,MATCH(B843,Detail!$G$1:$G$1001,0),1) -> 151 | S843: =INDEX(Detail!$D$1:$D$1001,MATCH(B843,Detail!$G$1:$G$1001,0),1) -> 95 | T843: =INDEX(Detail!$E$1:$E$1001,MATCH(Main!B843,Detail!$G$1:$G$1001,0)) -> Jl. Sukajadi No. 67 | U843: =INDEX(Detail!$B$1:$B$1001,MATCH(B843,Detail!$G$1:$G$1001,0),1) -> AB-
A844: 40 | B844: =CONCATENATE("F",TEXT(A844,"0000")) -> F0040 | C844: Aktuaria | D844: =VLOOKUP(B844,Detail!$G$1:$H$1001,2,FALSE) -> Ibun Kusmawati | E844: 68 | F844: 54 | G844: 80 | H844: 54 | I844: 50 | J844: 54 | K844: 65 | L844: =IFERROR(VLOOKUP(B844,Absen!$A$1:$C$501,2,FALSE),"No") -> 44856 | M844: =IF(L844="no",K844,K844-10)*10% -> 5.5 | N844: =SUM(E844*12.5%,F844*12.5%,H844*12.5%,I844*12.5%,G844*20%,J844*20%,M844) -> 60.55 | O844: =VLOOKUP(N844,Helper!$B$30:$C$35,2,TRUE) -> C | P844: =INDEX(Detail!$A$1:$A$1001,MATCH(B844,Detail!$G$1:$G$1001,0)) -> 37266 | Q844: =INDEX(Detail!$F$1:$F$1001,MATCH(Main!B844,Detail!$G$1:$G$1001,0)) -> Medan | R844: =INDEX(Detail!$C$1:$C$1001,MATCH(B844,Detail!$G$1:$G$1001,0),1) -> 165 | S844: =INDEX(Detail!$D$1:$D$1001,MATCH(B844,Detail!$G$1:$G$1001,0),1) -> 61 | T844: =INDEX(Detail!$E$1:$E$1001,MATCH(Main!B844,Detail!$G$1:$G$1001,0)) -> Jl. Merdeka No. 68 | U844: =INDEX(Detail!$B$1:$B$1001,MATCH(B844,Detail!$G$1:$G$1001,0),1) -> B-
A845: 47 | B845: =CONCATENATE("F",TEXT(A845,"0000")) -> F0047 | C845: Aktuaria | D845: =VLOOKUP(B845,Detail!$G$1:$H$1001,2,FALSE) -> Daliman Thamrin | E845: 84 | F845: 44 | G845: 94 | H845: 65 | I845: 75 | J845: 44 | K845: 85 | L845: =IFERROR(VLOOKUP(B845,Absen!$A$1:$C$501,2,FALSE),"No") -> 44784 | M845: =IF(L845="no",K845,K845-10)*10% -> 7.5 | N845: =SUM(E845*12.5%,F845*12.5%,H845*12.5%,I845*12.5%,G845*20%,J845*20%,M845) -> 68.6 | O845: =VLOOKUP(N845,Helper!$B$30:$C$35,2,TRUE) -> C | P845: =INDEX(Detail!$A$1:$A$1001,MATCH(B845,Detail!$G$1:$G$1001,0)) -> 37964 | Q845: =INDEX(Detail!$F$1:$F$1001,MATCH(Main!B845,Detail!$G$1:$G$1001,0)) -> Probolinggo | R845: =INDEX(Detail!$C$1:$C$1001,MATCH(B845,Detail!$G$1:$G$1001,0),1) -> 166 | S845: =INDEX(Detail!$D$1:$D$1001,MATCH(B845,Detail!$G$1:$G$1001,0),1) -> 51 | T845: =INDEX(Detail!$E$1:$E$1001,MATCH(Main!B845,Detail!$G$1:$G$1001,0)) -> Gang Gardujati No. 1 | U845: =INDEX(Detail!$B$1:$B$1001,MATCH(B845,Detail!$G$1:$G$1001,0),1) -> AB-
A846: 53 | B846: =CONCATENATE("F",TEXT(A846,"0000")) -> F0053 | C846: Aktuaria | D846: =VLOOKUP(B846,Detail!$G$1:$H$1001,2,FALSE) -> Setya Suryatmi | E846: 68 | F846: 70 | G846: 31 | H846: 64 | I846: 80 | J846: 75 | K846: 96 | L846: =IFERROR(VLOOKUP(B846,Absen!$A$1:$C$501,2,FALSE),"No") -> No | M846: =IF(L846="no",K846,K846-10)*10% -> 9.6 | N846: =SUM(E846*12.5%,F846*12.5%,H846*12.5%,I846*12.5%,G846*20%,J846*20%,M846) -> 66.05 | O846: =VLOOKUP(N846,Helper!$B$30:$C$35,2,TRUE) -> C | P846: =INDEX(Detail!$A$1:$A$1001,MATCH(B846,Detail!$G$1:$G$1001,0)) -> 38124 | Q846: =INDEX(Detail!$F$1:$F$1001,MATCH(Main!B846,Detail!$G$1:$G$1001,0)) -> Kota Administrasi Jakarta Utara | R846: =INDEX(Detail!$C$1:$C$1001,MATCH(B846,Detail!$G$1:$G$1001,0),1) -> 180 | S846: =INDEX(Detail!$D$1:$D$1001,MATCH(B846,Detail!$G$1:$G$1001,0),1) -> 94 | T846: =INDEX(Detail!$E$1:$E$1001,MATCH(Main!B846,Detail!$G$1:$G$1001,0)) -> Gang H.J Maemunah No. 5 | U846: =INDEX(Detail!$B$1:$B$1001,MATCH(B846,Detail!$G$1:$G$1001,0),1) -> AB-
A847: 74 | B847: =CONCATENATE("F",TEXT(A847,"0000")) -> F0074 | C847: Aktuaria | D847: =VLOOKUP(B847,Detail!$G$1:$H$1001,2,FALSE) -> Rahmat Nasyidah | E847: 85 | F847: 73 | G847: 60 | H847: 52 | I847: 55 | J847: 58 | K847: 68 | L847: =IFERROR(VLOOKUP(B847,Absen!$A$1:$C$501,2,FALSE),"No") -> No | M847: =IF(L847="no",K847,K847-10)*10% -> 6.8 | N847: =SUM(E847*12.5%,F847*12.5%,H847*12.5%,I847*12.5%,G847*20%,J847*20%,M847) -> 63.525 | O847: =VLOOKUP(N847,Helper!$B$30:$C$35,2,TRUE) -> C | P847: =INDEX(Detail!$A$1:$A$1001,MATCH(B847,Detail!$G$1:$G$1001,0)) -> 38460 | Q847: =INDEX(Detail!$F$1:$F$1001,MATCH(Main!B847,Detail!$G$1:$G$1001,0)) -> Lhokseumawe | R847: =INDEX(Detail!$C$1:$C$1001,MATCH(B847,Detail!$G$1:$G$1001,0),1) -> 176 | S847: =INDEX(Detail!$D$1:$D$1001,MATCH(B847,Detail!$G$1:$G$1001,0),1) -> 92 | T847: =INDEX(Detail!$E$1:$E$1001,MATCH(Main!B847,Detail!$G$1:$G$1001,0)) -> Jalan Laswi No. 49 | U847: =INDEX(Detail!$B$1:$B$1001,MATCH(B847,Detail!$G$1:$G$1001,0),1) -> AB+
A848: 78 | B848: =CONCATENATE("F",TEXT(A848,"0000")) -> F0078 | C848: Aktuaria | D848: =VLOOKUP(B848,Detail!$G$1:$H$1001,2,FALSE) -> Diah Simbolon | E848: 95 | F848: 41 | G848: 90 | H848: 68 | I848: 90 | J848: 97 | K848: 67 | L848: =IFERROR(VLOOKUP(B848,Absen!$A$1:$C$501,2,FALSE),"No") -> No | M848: =IF(L848="no",K848,K848-10)*10% -> 6.7 | N848: =SUM(E848*12.5%,F848*12.5%,H848*12.5%,I848*12.5%,G848*20%,J848*20%,M848) -> 80.85 | O848: =VLOOKUP(N848,Helper!$B$30:$C$35,2,TRUE) -> A | P848: =INDEX(Detail!$A$1:$A$1001,MATCH(B848,Detail!$G$1:$G$1001,0)) -> 37105 | Q848: =INDEX(Detail!$F$1:$F$1001,MATCH(Main!B848,Detail!$G$1:$G$1001,0)) -> Bandar Lampung | R848: =INDEX(Detail!$C$1:$C$1001,MATCH(B848,Detail!$G$1:$G$1001,0),1) -> 171 | S848: =INDEX(Detail!$D$1:$D$1001,MATCH(B848,Detail!$G$1:$G$1001,0),1) -> 69 | T848: =INDEX(Detail!$E$1:$E$1001,MATCH(Main!B848,Detail!$G$1:$G$1001,0)) -> Gang Kebonjati No. 8 | U848: =INDEX(Detail!$B$1:$B$1001,MATCH(B848,Detail!$G$1:$G$1001,0),1) -> O-
A849: 88 | B849: =CONCATENATE("F",TEXT(A849,"0000")) -> F0088 | C849: Aktuaria | D849: =VLOOKUP(B849,Detail!$G$1:$H$1001,2,FALSE) -> Liman Pradipta | E849: 80 | F849: 74 | G849: 50 | H849: 58 | I849: 94 | J849: 85 | K849: 68 | L849: =IFERROR(VLOOKUP(B849,Absen!$A$1:$C$501,2,FALSE),"No") -> 44897 | M849: =IF(L849="no",K849,K849-10)*10% -> 5.8 | N849: =SUM(E849*12.5%,F849*12.5%,H849*12.5%,I849*12.5%,G849*20%,J849*20%,M849) -> 71.05 | O849: =VLOOKUP(N849,Helper!$B$30:$C$35,2,TRUE) -> B | P849: =INDEX(Detail!$A$1:$A$1001,MATCH(B849,Detail!$G$1:$G$1001,0)) -> 38125 | Q849: =INDEX(Detail!$F$1:$F$1001,MATCH(Main!B849,Detail!$G$1:$G$1001,0)) -> Surabaya | R849: =INDEX(Detail!$C$1:$C$1001,MATCH(B849,Detail!$G$1:$G$1001,0),1) -> 171 | S849: =INDEX(Detail!$D$1:$D$1001,MATCH(B849,Detail!$G$1:$G$1001,0),1) -> 61 | T849: =INDEX(Detail!$E$1:$E$1001,MATCH(Main!B849,Detail!$G$1:$G$1001,0)) -> Jl. Medokan Ayu No. 70 | U849: =INDEX(Detail!$B$1:$B$1001,MATCH(B849,Detail!$G$1:$G$1001,0),1) -> B+
... A1000: 999 | B1000: =CONCATENATE("F",TEXT(A1000,"0000")) -> F0999 | C1000: Aktuaria | D1000: =VLOOKUP(B1000,Detail!$G$1:$H$1001,2,FALSE) -> Michelle Nuraini | E1000: 63 | F1000: 46 | G1000: 89 | H1000: 69 | I1000: 86 | J1000: 50 | K1000: 71 | L1000: =IFERROR(VLOOKUP(B1000,Absen!$A$1:$C$501,2,FALSE),"No") -> 44746 | M1000: =IF(L1000="no",K1000,K1000-10)*10% -> 6.1 | N1000: =SUM(E1000*12.5%,F1000*12.5%,H1000*12.5%,I1000*12.5%,G1000*20%,J1000*20%,M1000) -> 66.9 | O1000: =VLOOKUP(N1000,Helper!$B$30:$C$35,2,TRUE) -> C | P1000: =INDEX(Detail!$A$1:$A$1001,MATCH(B1000,Detail!$G$1:$G$1001,0)) -> 37574 | Q1000: =INDEX(Detail!$F$1:$F$1001,MATCH(Main!B1000,Detail!$G$1:$G$1001,0)) -> Tidore Kepulauan | R1000: =INDEX(Detail!$C$1:$C$1001,MATCH(B1000,Detail!$G$1:$G$1001,0),1) -> 165 | S1000: =INDEX(Detail!$D$1:$D$1001,MATCH(B1000,Detail!$G$1:$G$1001,0),1) -> 57 | T1000: =INDEX(Detail!$E$1:$E$1001,MATCH(Main!B1000,Detail!$G$1:$G$1001,0)) -> Jl. Dipatiukur No. 23 | U1000: =INDEX(Detail!$B$1:$B$1001,MATCH(B1000,Detail!$G$1:$G$1001,0),1) -> AB+
A1001: 1000 | B1001: =CONCATENATE("E",TEXT(A1001,"0000")) -> E1000 | C1001: Statistika | D1001: =VLOOKUP(B1001,Detail!G1:H1001,2,FALSE) -> Omar Sihombing | E1001: 60 | F1001: 55 | G1001: 67 | H1001: 61 | I1001: 63 | J1001: 73 | K1001: 89 | L1001: =IFERROR(VLOOKUP(B1001,Absen!$A$1:$C$501,2,FALSE),"No") -> 44867 | M1001: =IF(L1001="no",K1001,K1001-10)*10% -> 7.9 | N1001: =SUM(E1001*12.5%,F1001*12.5%,H1001*12.5%,I1001*12.5%,G1001*20%,J1001*20%,M1001) -> 65.775 | O1001: =VLOOKUP(N1001,Helper!$B$30:$C$35,2,TRUE) -> C | P1001: =INDEX(Detail!$A$1:$A$1001,MATCH(B1001,Detail!$G$1:$G$1001,0)) -> 37615 | Q1001: =INDEX(Detail!$F$1:$F$1001,MATCH(Main!B1001,Detail!$G$1:$G$1001,0)) -> Palopo | R1001: =INDEX(Detail!$C$1:$C$1001,MATCH(B1001,Detail!$G$1:$G$1001,0),1) -> 179 | S1001: =INDEX(Detail!$D$1:$D$1001,MATCH(B1001,Detail!$G$1:$G$1001,0),1) -> 62 | T1001: =INDEX(Detail!$E$1:$E$1001,MATCH(Main!B1001,Detail!$G$1:$G$1001,0)) -> Jalan Gedebage Selatan No. 2 | U1001: =INDEX(Detail!$B$1:$B$1001,MATCH(B1001,Detail!$G$1:$G$1001,0),1) -> A+

Sheet Dosen
B2: 1-250 | C2: 251-500 | D2: 501-750 | E2: 751-1000 | G2: Jurusan | H2: 1 | I2: 501 | J2: 751 | K2: 1000
A3: Matematika | B3: Bu Dwi | C3: Pak Budi | D3: Bu Made | E3: Pak Krisna | G3: Matematika | H3: Bu Dwi | I3: Pak Budi | J3: Bu Made | K3: Pak Krisna
A4: Fisika | B4: Pak Krisna | C4: Bu Ratna | D4: Pak Andi | E4: Pak Budi
A5: Kimia | B5: Pak Budi | C5: Bu Made | D5: Bu Dwi | E5: Pak Andi
A6: Biologi | B6: Bu Ratna | C6: Pak Andi | D6: Pak Krisna | E6: Bu Made
A7: Statistika | B7: Bu Made | C7: Bu Dwi | D7: Pak Budi | E7: Bu Ratna
A8: Aktuaria | B8: Pak Andi | C8: Pak Krisna | D8: Bu Ratna | E8: Bu Dwi
A10: Bu Dwi | B10: =COUNTIF(Main!V2:V1001,B3) -> 160
A11: Pak Krisna | B11: =COUNTIF(Main!V3:V1002,B4) -> 163
A12: Pak Budi | B12: =COUNTIF(Main!V4:V1003,B5) -> 147
A13: Bu Ratna | B13: =COUNTIF(Main!V5:V1004,B6) -> 140
A14: Bu Made | B14: =COUNTIF(Main!V6:V1005,B7) -> 198
A15: Pak Andi | B15: =COUNTIF(Main!V7:V1006,B8) -> 192
